Texte;Type d'entit√©
1I0IIlIIIIll;O
"
";O
A;O
la;O
fin;O
du;O
mois;O
doetobre;O
672;O
un;O
lourd;O
carr0sse;O
traine;O
par;O
quatre;O
chevaux;O
assez;O
mai-;O
gres;O
et;O
trs;O
fatigues;O
ptarcourait;O
vers;O
les;O
sept;O
heures;I-MISC
soir;O
rue;O
Saint-Honore;I-LOC
le;O
cocher;O
laquais;O
qui;O
suivait;O
sarretaient;O
 ;O
chaque;O
nouvelleenseigne;O
dh0tellerie;O
continuaient;O
leur;O
marche;O
lorsquon;O
avait;O
repondu;I-PER
a;O
leurs;O
questions;O
Enfin;O
lauberge;O
de;O
Saint-GahrielLE;B-PER
CHATEAU;B-ORG
DE;O
PINON;I-ORG
apres;O
colloque;O
longavec;O
maitre;O
son;O
lequipageentra;O
danslacouretlaportese;O
re-;O
fermaaugranddesappointement;O
des;O
curieux;I-MISC
Cette;O
voiture;O
renfermait;O
dabord;O
vieu;O
sei-;O
gneur;O
en;O
hubit;O
voyage;O
dont;O
lair;O
insignifiant;O
cherchait;O
prendre;O
limportance;B-PER
puis;O
une;O
jeune;O
fille;O
sa;O
suivante;O
Toutes;O
deux;O
sauterent;O
h;O
terre;O
avec;O
vivacite;O
age;O
-;O
On;O
vadonner;O
chambre;O
ha;O
madame;B-PER
dit;O
lhotelliere;O
on;O
placera;O
monsieur;O
aupres;O
2eeee;O
La;O
dame;O
monta;O
sans;O
repondre;O
de-;O
conduisirent;O
aux;O
etages;O
superieurs;O
derriere;O
elle;O
intro-;I-MISC
duisit;O
dans;O
grande;O
piece;O
noire;O
donnant;O
sur;O
cour;O
rideaux;I-MISC
serge;B-PER
verte;I-PER
tenture;O
personnages;O
Laspect;B-ORG
cet;O
apparte-;O
ment;O
fit;O
pousser;O
gros;O
soupir;O
etrangeres;O
maitresse;O
se;O
laissa;O
tomber;O
fauteuilE;B-MISC
ter;O
ni;O
manlte;O
ses;O
coiffes;O
Lorsquon;B-LOC
eut;O
fait;O
feu;O
quon;O
seules;O
Eh;B-PER
bienl;I-PER
Louison;B-MISC
personne;O
que;O
te;O
semble;O
ce;O
lieu;O
ci;O
Je;B-MISC
trouve;O
abominable;O
mademoiselle;O
Il;O
ne;O
doit;O
pas;O
y;O
faire;O
clair;O
plein;O
midi;I-MISC
il;O
regne;O
odeur;O
renferme;O
mal;O
au;O
C09Ur;O
--;O
Aller;B-PER
choisir;O
Paris;B-LOC
trou;O
comme;O
celui;O
l;O
nly;O
M;B-PER
Bussy;I-PER
capable;O
dune;O
chose;O
semblable;O
Cest;B-LOC
tout;O
plan;O
mademoi-;O
selle;O
(;O
Que;B-MISC
veux;O
tu;I-LOC
dire;O
Ce;O
jai;O
tarde;O
vous;O
apprendre;O
crainte;O
vousfaire;O
dela;O
peine;O
parce;O
cru;I-MISC
quils;O
iauraient;O
courage;O
dy;O
persister;O
Et;O
quoi;O
doncf;O
present;O
executent;O
menaces;O
je;O
men;O
vais;I-MISC
reveler;O
molgL;I-MISC
comte;O
promenait;O
Sissone;I-PER
grand;O
verger;O
Ml;B-MISC
Lameth;I-PER
pere;O
Jetais;I-PER
cueillir;O
raisins;O
cachee;O
der-;O
riere;B-PER
treille;O
jeus;O
peur;O
me;O
vissent;O
car;O
maurait;O
grondee;O
gardui;O
bien;O
montrer;O
lls;O
vinrent;O
juste;O
sasseoir;O
banc;O
face;O
tonnelle;O
jentendis;O
toute;O
leurconversution;O
Dabordjenecoutai;B-MISC
mais;O
ils;O
prononcrent;O
nom;O
pensai;O
cela;O
pourrait;O
lui;O
etre;O
ulile;O
prelai;O
loreille;O
Oui;O
disait;O
ma;O
veut;O
aller;O
faudra;O
accorder;O
cette;O
gracee;O
cest;O
condition;O
qulelle;O
met;O
mariuge;O
connaissez;O
lenriette;O
cedera;O
pds;O
connais;O
IIenrietle;B-MISC
ous;O
est;O
forte;O
etes;O
faible;O
savez;O
avoir;O
volonte;O
avez;O
enfant;O
despote;O
auquel;O
obeissezLE;O
CHAIEAU;B-ORG
INON;I-ORG
obeir;O
Vous;O
soupconnez;O
consequences;O
education;O
Jai;B-PER
devine;O
caractere;O
moi;O
bonheur;O
mon;I-MISC
fils;O
place;O
pres;O
delle;O
avant-garde;O
demande;O
pardon;O
queje;O
nest;O
parle;O
);O
HIenriette;B-MISC
ambitieuse;O
passionnee;O
vaine;O
surtout;O
sais;O
si;O
ai-;O
mera;O
quil;O
certain;I-LOC
quelle;O
laime;I-MISC
serait;O
donc;O
dangereux;O
conduireh;O
oi;O
beaute;O
luiattirera;O
hommages;O
empresses;O
voudra;O
plus;O
sortir;O
Cependant;O
nous;O
pouvons;O
tourner;O
difficulte;O
par-;O
lant;O
imperieux;O
tous;O
penchants;O
lorgueil;O
Comment;O
Chatelaine;I-PER
dePinon;O
comtesse;O
Lamelh;B-PER
menera;O
train;O
princesse;O
aura;O
belle;O
position;O
province;O
elleLE;I-LOC
P1NON;I-LOC
sera;O
monde;O
moihs;O
onde;O
humiliee;O
navez;O
fortune;O
plu-;O
sieurs;O
enfants;O
difficile;O
donner;O
plaisirs;O
auquels;O
sattend;O
placer;O
aussi;O
haut;O
voudrait;O
fierte;O
Cedez;B-PER
desir;O
lassera;O
vite;O
demandera;O
mee;O
revenir;O
Picardie;B-LOC
---;B-ORG
Mais;O
reprit;O
votre;O
rencon-;O
trait;O
quelque;O
godelureau;O
luitournt;O
tete;O
comment;O
prendrions;O
-nous;O
pour;O
lempecher;O
defaire;O
folie;O
supposition;O
admissible;O
interrompit;O
avons;O
parole;O
gentilhomme;O
mademioi-;O
Roucy;B-LOC
sailtrop;O
manquer;O
Nous;B-MISC
irons;I-MISC
Parisf;B-PER
ans;O
doute;O
ux;O
conditiois;O
vousaitE;O
cATEAU;O
posees;O
peut;O
favorable;O
Comme;O
va;O
contentel;O
voila;O
toujours;O
meme;O
uniquement;O
occupe;O
plaisir;O
ferez;O
Henriette;B-PER
penser;O
choses;O
serieuses;O
sermon;O
faiblesse;O
tendresse;O
aveugle;O
ajoutant;I-MISC
gterait;O
avenir;O
deran-;O
gerait;O
plans;O
mille;O
discours;O
genre;O
comtela;O
assure;O
ferme;O
laisserait;O
seduire;O
sont;O
leves;O
rentres;O
chteau;O
Le;O
notre;O
part;O
ete;O
annonce;O
nen;O
davantage;O
Mademoiselle;B-PER
ecoute;O
sui-;O
vante;O
appuyee;O
yeux;O
char-;O
bons;O
lattitude;O
reflexion;O
pro-;O
fonde;O
-Ahl;O
lh;O
leurprojet;O
-elle;O
lentementet;O
`;O
cherche;O
deviner;O
nigme;O
veulent;O
mhumilier;O
8;O
LE;I-ORG
CHEIATEAU;B-MISC
accepter;O
bienfait;O
main;O
continua;O
-t;O
levant;O
resolument;O
laisserai;O
joer;O
ainsi;O
ilsnen;O
croient;O
Mon;B-MISC
bon;O
raison;O
trouverai;O
tournerala;O
ou;O
quije;O
tournerai;O
verrons;I-MISC
suis;O
point;O
faite;O
vince;O
dois;O
rester;I-MISC
brillantes;O
des-;O
tinees;O
my;O
attendent;O
seraiaimee;I-MISC
dunhomme;I-MISC
sang;O
royal;O
bohemienne;I-MISC
predit;O
lannee;I-PER
derniere;O
Quant;O
hla;O
moins;O
fuvorable;O
loracle;O
change-;O
rai;B-ORG
depend;O
Ah;O
deBussy;O
verrez;O
fine;O
vousl;O
En;O
parlant;O
faisant;O
gestes;O
animes;O
tousles;O
signes;I-PER
emotion;O
vie;O
Son;I-PER
coque-;O
luchon;O
tombe;O
epaules;O
laissait;O
voir;O
admirable;O
visage;O
encadre;O
boucles;O
sesLE;O
0;O
cheveux;O
blonds;O
rejetait;O
souvent;O
ar-;O
dun;O
mouvement;I-MISC
gracieux;O
prompt;O
fois;O
physionomie;O
ex-;O
pression;O
intraduisible;O
dedain;O
colere;O
semblait;O
totalement;O
oublie;O
presence;O
Celle;O
rappela;O
demandant;O
voulait;O
souper;O
servira;O
le-;O
tain;O
repliqua;O
auberge;O
commencement;O
lecon;O
egal;O
nander;O
ordres;O
repas;O
el;O
tache;O
savoir;O
nousjouirons;O
laimable;O
societe;O
comtes;O
suiante;O
sortit;O
pendant;O
temps;O
made-;O
moiselle;B-LOC
sapprocha;O
miroir;O
casse;O
suspendu;O
au-dessus;O
cheminee;I-MISC
mit;O
raccommoder;O
toilette;O
Ele;O
sourit;O
malgre;O
voyant;O
traits;O
charmants;O
illuminer;O
glace;O
antique;O
put;O
fendre;O
mouement;O
vanite;O
laspect;O
dee;O
LiE;O
CHEATEAU;B-MISC
PiNON;B-LOC
sesyeux;O
noirs;O
bordes;O
cils;O
debene;O
surmon-;O
tes;O
deix;O
sourcils;O
arrondis;O
lamour;O
bouche;O
cerise;O
teint;O
nuance;O
couleurs;O
suaves;O
Puis;O
admira;O
taille;O
richement;O
dessinee;O
corset;O
damas;O
noir;O
pied;O
mignons;O
quelques;O
arriere;O
sentit;O
reine;O
charmes;I-MISC
rentra;O
Rejouissez;B-PER
-vous;O
secria-;O
t;O
riant;O
aurez;O
lhonneur;O
com-;O
agnie;O
magnifique;O
soupera;I-MISC
chuam-;I-MISC
bre;O
MMI;B-MISC
chez;O
mlen;O
doutais;O
Aussi;O
vois;O
4-;O
plaire;O
qiif;O
Dieu;O
-A;B-PER
quif;O
pretendu;O
apparemment;O
rechappe;O
simagi;I-MISC
nent;O
arranger;O
destin;O
e;O
moccuper;O
dirigerl;O
plait;O
rendre;O
amoureux;O
fou;O
fiancee;O
plalt;O
avance;O
metier;O
mari;O
puisquils;O
ont;O
decide;O
mien;O
chacun;O
use;O
armes;O
qul;O
premier;O
Lentree;B-PER
servantes;O
venaient;O
dresser;O
couvert;O
propos;O
garda;O
air;O
mepris;B-LOC
linge;O
po-;O
terie;O
commune;O
quelles;O
etalerent;O
Ny;B-LOC
-il;O
doncpus;O
dautre;O
porcelaine;O
celle;O
f;O
demanda;O
Oh;B-PER
doree;O
grandes;O
maisons;O
filles;O
recoit;O
beatuicoup;O
gens;O
qualitef;O
Presque;I-PER
jaais;I-PER
madae;O
desLE;O
CHATEU;I-MISC
DZ;I-MISC
bourgeois;O
marchands;O
Yoyons;B-LOC
bonl;O
uand;O
servi;O
avertirez;O
MM;B-ORG
La-;I-PER
meth;B-PER
peuvent;O
venir;O
mettre;O
table;O
appuya;O
sorte;O
demphasc;O
ces;O
titres;O
pompeux;O
voix;O
trahissait;O
ue;B-ORG
moquerie;O
prononcee;O
Elle;O
promener;O
attendant;O
convives;O
ouvrit;I-MISC
enfin;O
porle;O
paru-;O
rent;O
seuil;O
Celui;O
marchait;O
Rou-;B-LOC
cy;O
etait;O
unhomme;O
soixuntaine;I-MISC
dannees;I-MISC
maladif;O
Ses;O
insigniliants;I-MISC
pe-;I-MISC
tite;O
manieres;O
peu;O
elegantes;O
desti-;O
naient;O
passer;O
inapercu;O
portait;O
neanmoins;O
bienveillance;O
ui;O
prevenait;O
faveur;O
devait;O
neces-;O
sairement;O
homme;O
rien;O
plusIE;O
CHATIEAU;I-MISC
Derriere;B-PER
marchail;O
vieillard;O
soixante-dix;O
Saphysionomie;B-PER
hautaine;O
immense;O
perruque;O
brune;O
grison-;O
nants;O
fronces;O
rapproches;O
lun;O
lautre;O
leint;O
rouge;O
percants;O
aunoncaient;O
violent;O
presque;O
mau-;O
pieds;O
tenait;O
telle-;O
droit;O
defier;O
annees;B-MISC
Ce-;O
tait;O
distance;O
respect;O
seigneur;O
res-;O
semblance;O
frappante;O
Bussy-;I-PER
faisait;O
reconnaltre;O
remarquablement;O
noble;O
elevee;O
expression;O
regard;O
modifiee;O
jeunesse;I-MISC
beau;O
elre;B-LOC
agreable;O
remarquer;O
mal-;O
gre;O
soi;O
cependunt;O
repulsion;O
inexplicable;O
otait;O
linstant;O
connaitre;O
davantageLE;O
CHATLAU;B-ORG
pDE;I-MISC
Tous;O
saluerent;O
profondement;O
HIen-;B-PER
riette;O
embrassa;O
front;O
bellel;O
secria;O
joyeux;O
faitesregretter;O
pads;O
nombreux;O
admirateurs;O
offrir;O
-Je;O
desire;O
dautres;O
repondit;O
reverence;O
grace;O
tres;O
contente;O
mest;O
accorde;O
remercia;O
salut;O
profond;O
encore;O
rougissant;O
beaucoup;O
trouvez;O
cham-;O
pensez;O
etablissement;O
paralt;O
commode;O
Quelle;O
difference;O
hOtellerie;B-MISC
nos;O
vilaines;O
auberges;O
provincel;O
yest;I-MISC
pre;O
avenant;I-MISC
comparaisonl;O
Les;B-MISC
vieillards;O
regarderent;O
etonnesLE;O
E;B-LOC
15;O
Ceslt;B-PER
nolre;O
equipage;O
avaitje;O
crois;O
choisi;O
carrosse;O
grand-pere;O
rosses;O
etiques;O
lecurie;B-LOC
Jen;O
etais;O
honteuse;O
quittant;O
Sis-;O
sone;O
cause;O
entrant;O
trouvc;I-MISC
superbe;O
lIl;O
atmosphere;O
denivrant;O
reflet;O
mer-;O
veilles;O
embellit;O
jusquh;O
plat;O
delain;O
oublier;O
plats;O
dargent;O
cisele;O
--Cependant;O
Pinon;B-LOC
quand;O
v0us;O
serez;O
Y0us;B-PER
trouverez;I-MISC
"
 ";O
jouissances;O
luxe;I-MISC
pages;O
entou-;O
ree;O
respects;O
Ici;O
contenter;O
Beaupre;I-PER
domestique;O
fau-;O
dra;O
resoudre;O
inapercue;O
milieu;O
foule;O
sert;O
amerveille;O
Monsieur;O
etE;O
quant;O
parfaite-;O
dailleurs;O
sarreta;O
petite;I-MISC
moue;O
co-;O
quette;O
certilude;O
detre;O
remarquee;O
Dailleursf;O
repeta;O
mennuirais;O
ct;O
ici;O
mamuscrai;O
Voil;I-PER
vrai;O
argument;O
facile;O
sens;O
mener;O
loin;O
sentencieusement;O
MI;I-PER
decidee;B-PER
De;O
toutl;O
ajouta;O
malignement;O
soumettrez;O
privationsf;O
Sans;O
irez;O
diamants;O
perles;O
dentelles-;O
Jirai;O
137;O
-Dans;O
vieux;O
tralne;O
efflanquees;O
Avec;O
Champagne;B-LOC
suitef;B-PER
-Cela;O
voici;O
ordre;O
presentation;O
Mladame;B-LOC
marquise;O
dHeudi-;O
court;O
parente;O
dimanche;O
Wersailles;B-PER
presentera;O
Leurs;O
Majestes;I-MISC
Madame;B-PER
promis;O
admettre;O
nombre;O
dhonneur;O
jespere;O
se-;I-MISC
rez;I-MISC
recue;O
facon;O
satisfaire;O
Vraiment;O
certainl;O
letourderie;O
oubliant;O
dejh;O
r0le;O
setait;O
impose;O
preterez;O
mere;O
jour;O
voudrais;O
ceur;O
ILE;B-ORG
CHATLhU;I-ORG
D;O
chere;O
ai;O
confies;O
Chardu;I-PER
notaire;O
Laon;B-LOC
somme;O
necessaire;O
Rau-;O
rions;O
pu;O
dHenriette;B-MISC
rembrunit;O
reprenant;O
gaite;O
coqietterie;O
jetant;O
navait;O
lassait;O
contempler;O
friserai;O
mes;O
tacherai;O
da-;O
bonne;O
mine;O
secoua;O
lancant;O
coup-deil;O
deconcerta;O
Permettez;O
-moi;O
observation;O
paternelle;O
veuillez;O
franchise;O
Ne;O
laissez;O
enivrer;O
seductions;O
Rappelez;B-MISC
vousLE;O
CHIATEAU;B-MISC
accordee;O
brave;O
jamais;O
droits;O
rappelez;O
quune;O
existence;O
attend;O
chateau;O
commanderez;O
souveraine;O
o;O
lasse;O
grandeurs;O
demprunt;O
lejour;O
plaira;O
servir;O
otre;O
maijtresse;O
devous;O
soumettre;O
  ;O
caprices;O
venez;O
gner;O
non-seulement;O
feue;O
ceux;O
maison;O
serons;O
fiers;O
dorner;O
tant;O
moment;O
silence;O
tard;O
voulez;I-LOC
revanche;I-MISC
soyez;O
inquietude;O
naura;O
en-;O
vier;O
remercie;O
froidement;O
fini;O
retirbrentLE;O
DIE;O
1PINON;O
-Bon;O
tellement;O
man-;O
gee;O
soiree;O
na;O
puni;O
parler;O
toucher;O
soit;O
as;O
bu;O
verre;O
vin;O
Tu;O
vu;O
rempli;O
devoir;O
fianceel;O
diabolique;O
brillait;O
lorsquelle;O
prononca;O
mots;O
souriantll;O
1IIIIIlII0lI;O
arrive;O
Des;O
malin;O
Hen-;O
commenca;O
parer;O
retiens;I-MISC
ceci;O
faut;O
presentee;O
simple;O
robe;O
Tours;B-LOC
blanc;O
bijoux;O
points;O
Ion-;B-ORG
grie;O
Venise;B-LOC
la22;O
EE;B-ORG
CHEAEAU;I-ORG
Cour;B-ORG
Arrange;I-ORG
toi;O
maniere;O
empecher;O
moindre;O
pli;I-MISC
corsage;O
soient;O
tombantes;O
gracieuses;O
branche;O
houx;O
graines;O
rou-;O
ges;O
formera;O
coiffure;O
placee;I-PER
artistement;O
arrire;O
lai;O
apportee;I-MISC
bois;O
mattendais;O
guere;B-PER
paraitrait;O
devant;O
roi;I-PER
France;I-LOC
couronne;O
Lorsquelle;B-LOC
fut;O
prete;O
dHeu-;O
dicourt;O
vint;O
reculerent;O
surprise;O
Helasl;O
remarquera;O
tou-;O
joursl;O
voil;O
fraiche;O
jolie;O
aspect;O
matin;O
questionnee;O
Pendant;O
dis;O
traite;O
preoccupee;O
nouveaute;O
spectacle;O
route;O
equipagcs;O
croi-;O
saient;O
autour;O
causaient;O
tourdissement;O
apercut;O
Versailles;I-PER
descendit;O
lorsqulelle;I-PER
escalier;O
marbre;O
combre;O
vaillant;O
bat-;O
tre;O
jura;B-LOC
quit-;O
sejour;O
enchanteur;O
Bonne;B-PER
Pons;B-PER
dHleudicourt;I-PER
femmes;O
mieux;O
Liee;I-LOC
damitie;O
Montespan;I-PER
ad-;O
mise;O
lintimite;O
duroi;O
safavorite;O
parties;I-MISC
chasse;O
jeu;O
con-;O
siderait;O
mot;O
puissance;O
Aussitot;B-PER
parut;O
flatteurs;O
lentou-;O
rerent;O
saluee;O
compliments;O
charmante;O
compagne;O
simplicite;O
etrange;O
cos-24;O
CIEATEAU;B-ORG
tume;O
paree;O
attirait;O
regards;O
Quand;O
tour;B-LOC
galerie;O
sa-;O
luant;O
selon;O
degre;O
elles;O
etaient;O
classees;O
passant;O
dHeudicourt;B-MISC
adressa;O
phrases;O
bienveil-;O
lantes;O
tombberent;O
demotion;O
Mon-;O
tespan;B-LOC
-Quelle;O
personnef;O
manda;B-PER
Sire;B-LOC
Rouey;B-PER
daigne;O
ladmettre;O
parmi;O
Sa;O
famille;I-MISC
Roi;B-PER
serai;O
charme;O
rencontrer;O
Mademoi-;B-PER
retournant;O
teteL;O
CHA1EAU;O
fallut;O
apporter;O
succes;O
furieux;O
entra;O
conseil;O
dispersa;O
salons;O
approcherait;O
merveille;O
dHeudicourtne;I-PER
pouvait;O
suffire;O
nommer;O
qualite;O
reclamaient;O
sen;I-PER
montra;O
embar-;O
rassee;O
toutes;O
cut;O
net;O
faiit;O
inquiete;I-PER
jalouse;O
nouvelle;O
rivalite;O
voulut;O
esprit;O
ressemblait;O
Laltiere;B-PER
baissa;O
rencontrant;O
favorite;O
sentait;O
egale;O
beuaute;O
surpassait;O
provincef;O
ele;O
comptezn;B-PER
retourner;O
Esl;O
-ce;O
quh;O
lendemain26;O
repete;O
ny;O
fallait;O
pen-;O
ser;O
soccuper;O
passe;O
courtisaus;O
cetle;O
politique;O
loublierai;O
Mlontespan;I-PER
mordit;O
levres;O
comprit;O
affaire;O
partie;O
aplomb;O
singulier;O
retirant;O
ira;O
rappelaient;O
Tonnay;B-LOC
Charente;O
aant;O
mariage;O
penserent;O
sy;O
Ma-;B-PER
compliment;O
triom-;O
phes;O
Prenez;B-PER
garde;I-MISC
prenez;O
tourne;O
repent;O
montrant;O
Valliere;O
ple;O
dolente;O
coindu;O
sallon;O
chercha;I-MISC
seigneurs;O
apercevoir;O
d6couvrit;O
bient0;B-MISC
debout;O
lonne;O
desorientes;O
compara;O
assurance;O
timidite;O
gauche;O
or-;O
gueil;O
applaudit;O
Ces;O
faits;O
pensa;O
voyez;B-MISC
figure;O
futur;O
justaucorps;O
vert;O
pomme;O
paysan;O
Picard;B-PER
servicede;O
seconde;O
femme;O
duc;O
dOrleans;O
frre;O
Louis;B-PER
XIV;I-PER
formes;O
allemandes;O
degenerait;O
brus;O
querie;O
aimait;O
conservassent;O
dehors;O
modestes;O
pretendait;O
nau-;O
rait;O
souffert;O
premiere;O
assiduites;O
presente;O
demoiselles;O
prenaient;O
airs;O
graves;O
fort;O
harmonie;O
habitudes;O
saccoutuma;O
sur-le-champ;O
compages;O
enviaient;O
raillaient;O
quelquefois;O
lexces-;O
sive;O
Elles;O
detaillaient;O
richesse;O
elegance;O
selevait;O
revolte;O
douloureuse;O
contre;O
s0n;O
la-;O
vaient;O
exposee;O
humiliations;O
paraltre;O
plaisantait;O
meilleure;O
grce;O
Voyez;O
Mlesdemoiselles;B-MISC
bienmagnifiques;O
auxfetes;O
don-;O
nera;O
carnaval;O
porteraiLE;I-MISC
CHATLEAU;B-MISC
dehoux;O
Eusse;B-LOC
-je;O
dia-;O
mants;O
parerais;O
ps;B-ORG
Peut;O
aurai;O
devise;O
Carrousel;B-LOC
celle-ci;O
Quisy;B-LOC
frotte;O
pique;O
Un;I-MISC
reunies;O
travaillaient;O
cau-;O
sant;O
riaient;O
passaient;O
revue;O
per-;O
sonnages;O
connus;O
Qui;O
mesdemoiselles;O
lonel;O
regiment;O
Navarre;I-LOC
HIautefort;B-MISC
Personne;O
heureuse;O
conti-;O
nua;O
jetais;O
lorsquil;B-PER
visite;O
darrivee;O
nobiliaire;O
ignorezque;O
cestmessire;O
Charles;B-PER
Amani-30;I-PER
CEATEAU;I-PER
reux;O
marquisdAlbret;O
chevalier;O
sire;O
prince;O
Mortagne;O
Mlossant;I-PER
baron;O
Vorray;B-PER
Gerdere;I-PER
autres;O
lieux;O
neveu;O
mareehal;O
dAlbret;I-PER
parent;O
cte;I-MISC
glorieux;O
Henri;B-PER
IV;I-PER
Jespere;O
genealogie;O
eelats;O
Mothe;B-LOC
laquelle;O
aspire;O
partager;O
pompeuxf;O
Ajoutez;B-LOC
sil;O
marquis;O
miracles;O
idee;O
Hautefort;B-LOC
Lui;O
connait;O
-on;O
sentiment;O
Non;O
jusquici;O
I1;B-ORG
vecu;O
gloire;O
elogebril-;O
louait;O
indifference;O
1a;O
appele;O
cousin;O
disant;O
parenteLE;O
venait;O
veneration;O
consultait;O
sortes;O
particuliers;O
trouverons;O
colonel;O
fte;O
demainf;O
pensive;O
-Sans;O
luiuil;O
Pourquoi;O
0us;O
empeche;O
Rochefort;B-LOC
gardes;O
corps;O
etablis;O
parlent;O
couvent;O
regarde;O
essaye;O
pre-;O
miers;O
Cosse;B-LOC
croyez;B-ORG
laisseront;O
approcher;O
loup;O
ravissant;O
timide;O
brebis32;O
PINRON;I-MISC
jeunes;O
mirent;O
rire;O
plutot;O
gardiens;O
dor;O
jardin;O
Hlesperides;I-LOC
mademioiselle;O
-ils;O
dites;O
entre;O
--Tout;O
bonnement;O
messieurs;O
proprietaires;O
i;O
lieues;O
quulite;O
voisins;O
gardent;O
genereux;O
partl;O
Ils;O
font;O
defenseurs;O
aimer;O
attaquee;O
triompher;O
Mesdemoiselles;O
bieu;B-PER
arrete;O
demain;O
bal;O
chacune;O
dentre;O
pectera;O
dMAlbret;I-MISC
livre;O
seduc-;O
tions;O
permettrons;O
oeillade;O
LI;B-PER
33;O
jusqa;O
demontre;O
queno-;O
champion;O
echoue;O
quie;O
venger;O
honneur;O
seeria;O
Jaccepte;B-LOC
defi;O
vivement;O
IIen-;B-MISC
rietle;O
temoins;O
voulons;O
crirenl;O
chaeur;O
Malgre;O
voilh;B-ORG
follesl;O
Navailles;I-PER
cntendait;O
re--;O
peterait;O
partout;O
coqueltes;O
frivoles;O
qu;O
force;O
vouloir;O
chercher;O
maris;O
trouveront;O
ja-;O
beate;B-PER
Nimportel;O
consenti;O
toul;O
Cepen-;B-PER
dant;O
vient;O
scrupule;O
pes;O
tenue;O
lepouser;O
Cela;O
permis;O
mademoi;O
gravite;O
comique;O
ordonne;O
envoyez;O
bou-;O
cherie;O
charmant;O
inter-;O
rompit;O
gardien;O
souffrira;O
epouse;O
autre;O
Croyez;O
tres-;O
saillant;O
peurI;O
Ohl;O
lon;O
etrangesl;O
songeons;O
lheure;O
diner;O
rendons;O
hnotre;O
service;O
Demain;I-PER
au-;O
rons;O
sujet;O
dexamen;O
durant;O
separerent;O
seule;O
ie;O
reflechit;O
rieusement;O
dissimuler;O
avaient;O
legers;O
informes;O
severement;O
instant;O
lidee;I-MISC
fele;O
malade;O
deviter;O
limprudente;O
ggeure;O
risquee;O
propre;O
samuser;O
retinrent;O
reussissais;O
sourire;O
triomphe;O
erra;I-MISC
leres;O
nosait;O
mentir;O
designa;O
laccompagner;O
irresolutions;O
trouverent;O
fixees;O
hui;I-MISC
possible;O
refuser;O
ma-;O
ladie;B-LOC
frais;O
dementait;O
remit;O
pourtant;O
fete;O
dansa;I-MISC
aecLE;I-MISC
CIIATEAU;I-ORG
Monlespan;I-PER
Lavalliere;B-LOC
retenir;O
pleurs;O
supplice;O
officiel;O
odieux;O
pitie;O
aime;O
estle;O
maux;O
ingratitude;O
quillapas;O
Maame;B-MISC
jusquau;I-PER
oh;O
leva;O
salle;O
Diane;B-PER
cortege;O
divise;O
resta;O
bientot;O
coin;O
porte;O
eloignee;O
pagnes;O
cote;O
deuxs;O
teaient;O
mar-;O
quis;O
Lafarre;I-PER
inconnu;O
Quoi;O
donce;O
eles;O
meure;O
chose3;O
devouee;O
repondait;O
letranger;O
1INON;O
oui;O
cependant;O
malheureux;O
absence;O
Alors;O
lJe;O
avis;O
pense;O
souvenir;O
seffacera;O
retourna;O
trouva;O
dHlenriette;B-PER
rougirent;O
teimps;O
Lejeunehommeavait;O
unjustaucorpsgrisperle;O
hauts-de-chausses;O
pareils;O
neuds;O
creves;O
couleur;O
rose;O
dentelles;O
canons;O
tine;O
batiste;O
ceje;O
dindefinissable;O
trahit;O
lexcessive;O
firent;O
regarda;O
mle;O
netuit;O
sus;O
leloge;O
quen;O
tournure;O
pleine;O
souplesse;O
grdces;O
rencontre;O
jusque;O
rougit;O
L;O
CIHATEAU;I-PER
bUE;I-PER
grandpeur;O
deper-;O
dre;O
gageure;O
Au;O
manle;O
persone;O
pensees;O
rencontrerent;O
fal-;O
lait;O
];O
personnes;O
regardaient;O
etincelants;O
prit;O
frisson;O
glacial;O
hata;O
perdre;O
Deux;O
alla;O
majeste;O
dAl-;O
bret;O
linterroger;O
danse;O
etrangere;O
apprise;O
Allemagne;B-LOC
di-;O
sait;O
merveillesLE;O
3s;O
montrerez;O
jours;O
trop;O
heureux;O
dobeir;O
Majeste;O
executer;O
uIne;B-MISC
danseuse;O
Choisissez;O
-en;O
--Le;O
donnent;O
mission;O
demander;O
desirerai;O
ob-;O
tenir;O
ennemiesl;O
Cherchez;B-LOC
dhouneur;O
saurai;O
maintenir;O
cel-;I-MISC
plaindraient;O
promena;O
longtemps;O
groupe;O
visages;O
cher-;O
chaient;O
attirer;O
suffrage;O
savanea;O
legerLE;O
iremblement;O
Malame;I-PER
mont;O
autorise;O
refuserez;O
remer-;O
cia;B-ORG
geste;O
modestie;O
digite;O
maladroit;O
murmura;O
prend;O
telle;O
Picarde;I-MISC
bas;O
magnifiquement;O
gagne;O
pari;O
proclamerai;O
no-;O
appartement;O
Iais;B-LOC
relire;O
suivre;I-MISC
ladame;O
nayez;O
lenance;O
fiere;O
retienne;O
heure;O
precher;O
arriva;O
retiree;O
dormit;O
minute;O
limage;O
cesse;O
vant;O
faudrait;O
epoux;O
soupirait;O
Aussitbt;B-PER
promesse;O
pereses;O
enga;O
gements;O
limpossibilite;O
rompre;O
sur-;O
revenaient;O
memoire;O
tristesse;O
bornes;O
lea;O
decouragee;O
pensie;O
espoir;O
ener-;O
gie;O
necouta;O
plaisanteries;O
compagnes;O
causait;O
quavec;O
Sur;B-MISC
apporta;O
lettre;O
lourit;O
indiff6rem-;O
signualure;O
battit;O
briser;O
poitrine;O
contenait;O
mols;O
MIademoiselle;B-MISC
LeRoi;B-PER
Altesse;B-MISC
Royaleladame;I-MISC
ayant;O
desirede;O
mevoir;O
danser;O
moscowiteavec;O
mayant;O
AltesseRoyale;B-MISC
demanderais;O
mc42;B-MISC
CHATEAG;B-ORG
figurer;O
jose;O
esperer;O
bon-;O
heur;O
cavalier;O
Si;O
daignez;O
consentir;O
reunirons;O
entrees;O
passes;O
devront;O
executees;O
reconnaissance;O
bien-;O
saurait;O
passionne-;O
Votre;B-MISC
humble;O
obeissant;O
esclave;O
mrguis;O
ABET;O
n;I-MISC
rougil;O
billet;O
doux;O
demoiselle;O
-Faut;O
MesdemoisellesfLIE;B-MISC
DB;I-PER
rangement;I-MISC
etranger;O
mamuse;O
Lisez;B-MISC
passionne;O
vos;O
esclaves;O
Voilh;B-PER
meclaire;O
Dieul;I-MISC
signifie;O
tinua;O
Benserade;B-MISC
Voiture;I-MISC
beaux;O
esprits;O
secrivent;O
trement;O
eux;O
perdu;O
ga-;O
geurel;B-PER
-Ni;O
perdue;O
gagnee;O
cetait;O
soilt;O
question;O
cria;B-LOC
follement;O
devient;O
mysterieuse;O
Allons;O
minauda;O
Hen;B-MISC
CIIATIAU;B-MISC
rielte;O
entendez;O
ap-;O
ennuyeuse;O
entree;O
verite;O
jen;O
excedee;O
davance;O
legere;O
oiseau;O
couut;O
met-;O
martquise;O
ly;I-MISC
attendait;O
deja;O
sulut;O
aurait;O
montre;I-MISC
embarras;O
lieue;O
Chacun;B-MISC
regardu;O
maduame;O
prin-;O
Tarente;B-LOC
assise;O
marie;O
vaudrail;O
cent;O
joli;O
puisy;O
idce;O
arrivera;O
Voulez;B-LOC
pliqua;O
Gardez;B-LOC
fcrail;O
unIE;O
bruit;O
sauriez;O
taire;O
Laissons;B-LOC
repetaient;O
figures;O
sous;O
linspection;O
maltre;O
jouait;O
violon;O
parlaient;O
regarduient;O
battait;O
lorsquils;O
eurent;O
termine;O
reviendrez;O
Surtout;B-MISC
namenez;I-MISC
niece;I-MISC
troublerait;O
tranquille;O
ramener;O
letroit;I-MISC
petit;O
salon;O
maeis;O
lorsque;O
logement;O
veille;O
retour;O
quolibets;O
rever;O
seLE;B-MISC
CEATLAU;I-MISC
jusquaux;I-MISC
moindres;O
pondit;O
Plusieurs;O
passerent;O
ellele;O
voyait;O
rencontrait;O
chaquei;B-PER
roiou;O
jamaisil;O
assidu;O
Pourtant;O
damournavait;O
prononce;O
eux1;O
fondee;I-PER
passion;O
profonde;O
orgueilleuse;O
tendre;O
moscovite;O
Montes-;I-PER
pan;I-ORG
adorable;O
ter-;O
galants;O
lhabitude;O
s;O
vit;O
moyen;O
infidelite;O
raconter;O
monarque;O
roman;O
mour;O
MadameLE;I-PER
7;I-MISC
soupcons;O
daantage;O
fournir;O
theme;O
limagination;O
mo-;O
lombre;O
passee;O
odieuse;I-MISC
celebrait;O
alors;O
fetes;O
paix;O
jeu-;O
nesse;B-PER
carrousel;O
XIY;I-PER
exercice;O
laccorda;O
sur-le-;I-PER
champ;O
furent;O
c0tes;O
prepara-;O
tifs;O
immenses;O
orna;O
che-;O
valier;O
echarpe;O
fenetre;O
deant;O
jouter;O
quinait;O
embleme;O
Jusquici;B-MISC
nai;I-MISC
ose;O
gout8;O
IL;B-ORG
CHRATEAU;I-PER
igno-;O
rante;O
penseriez;I-MISC
phrase;O
fotte;O
yi-;O
gue;O
trahie;O
compagnles;O
trouverais;O
combattant;O
vainqueur;O
retira;O
Ludre;B-PER
appelait;O
Cetait;B-PER
jeux;O
concetti;O
spirituelle;O
enigmes;O
juraquh;O
prix;O
serit;O
nentreprendrai;I-MISC
descriplion;I-MISC
carrousels;I-MISC
fameux;O
auxquels;O
lepoque;O
poeliques;O
amours;O
LaLE;B-MISC
49;O
alliere;O
recit;O
tirement;O
subjugue;O
imagination;O
0n;O
quun;O
brillantset;O
delicieux;O
renferma;O
grandeur;O
contenta;O
juge;O
Lhonneur;B-PER
commandanlle;O
quudrille;O
Maures;B-MISC
portant;O
cimier;O
casque;O
emeraudes;O
grains;O
corail;O
costume;O
ladresse;O
deploya;O
diffirents;O
exercices;O
faisaient;O
lobjet;O
conversations;O
exaltait;I-MISC
nues;I-MISC
sadressaient;O
visiblement;O
pa-;O
raissait;O
repousser;O
retourne;O
Lumeth;I-ORG
resterent;O
ParisLE;O
assistaient;O
impossible;O
rendreleur;O
entlendirent;O
"

";O
dorgueil;O
senivrait;I-MISC
lencens;O
touree;O
pale;O
fiance;O
mis;O
c;O
Javais;B-PER
ois;O
noublieriez;O
[;O
promesses;O
recues;O
feriez;O
linjure;O
douter;O
pourquoi;O
jeter;O
in-;O
sultant;O
permettre;O
donsf;O
puisse;O
supporter;O
audace;O
insolente;O
CHAEEAU;B-ORG
demi;O
ef-;O
frayee;O
galanterie;O
prevenue;I-MISC
preferez;O
netes;O
I;B-MISC
plit;O
ins-;O
ajouter;O
conversation;O
basse;O
nlavait;O
entendue;O
atte-;O
pressentiment;O
ferait;O
malheur;O
blessant;O
lavait;O
attachee;I-MISC
depuis;O
enfance;O
muis;O
revoltait;O
menagement;O
Quimporte;O
sentir;O
traitee;O
ploieront;O
ouje;O
briserai;O
doivent;O
genouxf;O
pauvres;O
gentilshommesLE;O
CHATIAU;O
campagne;O
blesse;O
choisie;O
d;O
Albret;I-PER
lutte;I-MISC
toules;O
passions;O
differents;O
sengagea;I-MISC
ardente;O
im-;O
petueuse;O
incessante;O
Ielas;B-PER
caeur;O
bataille;O
cher;O
lIII;B-PER
UI;I-PER
ISIIIl;I-PER
ILIl;I-PER
Quinze;I-PER
secoulrent;O
Rouy;I-PER
saccroitre;O
amour;O
duite;O
montrait;O
imperieuse;O
tendro;O
cm-;O
pressee;O
annonca;O
epoque;O
Fontainebleau;I-MISC
MIadame;I-PER
Nontes-;B-ORG
calcul;O
donnait;O
lom;O
brage;O
Lauzun;I-PER
daigna;O
jaloux;O
resolut;O
quise;O
intimite;O
protegee;I-MISC
reste;O
chezMladame;O
jusqua;B-PER
presenl;I-PER
oppose;O
ecervelees;O
conduites;O
surveil-;O
lees;O
recoivent;O
chambres;O
plai-;O
gnant;O
donne;O
ne-;O
cessaires;O
corriger;O
abus;O
minteresse;O
elt;O
surete;O
vertu;O
labri;O
danger;O
envie;O
Sous;O
gardeE;I-MISC
CIATEAU;B-MISC
crain-;O
avant;O
futla;O
dapprocher;O
rivale;O
preparer;O
nouveau;O
tomherent;O
devina;O
enproie;O
tourmenter;O
douce;O
Marie-Therese;B-PER
outree;O
sup-;O
porla;O
rendaient;O
ds;B-MISC
rang;O
saccoutumer;O
domina-;O
tion;O
volontiers;O
toute-;O
bienme;O
recommanderai;O
Na-;O
vailles;O
sollicitude;O
particuliere;O
Picarde506;O
tromper;O
allusion;O
-Helas;O
quonpeut;O
trompe;O
Dieuni;B-LOC
conscience;O
suite;O
entretien;O
allait;O
etonnement;O
general;O
pouvaient;O
apprenant;O
roilavait;O
range;O
vraiment;O
nira;O
madameLE;O
permettra;O
tree;B-LOC
lentendit;O
cou-;O
sine;O
Houdancourt;I-LOC
trois;O
semaines;O
Soyez;B-ORG
amie;O
narrivera;O
duchesse;B-PER
tourmentera;O
nuit;O
prefererais;I-MISC
uy;O
emporta;O
preoccupa-;O
instants;O
sexal-;O
pensee;O
dobl-;O
honneurs;O
richesses;O
cetlie;O
brillante;O
dlicieux;O
Picsrdie;B-LOC
re-LI;O
verences;O
baillie;O
lelue;O
maudire;O
jurer;O
consentirait;O
sacrifier;O
trouvait;O
elegant;O
flatte;O
regret;O
elait;O
problematique;O
entrefaites;O
passerait;O
Lespece;B-PER
dattention;O
factice;O
cessa;O
avertie;O
fausse;O
alerte;O
sacrifie;O
XIW;I-PER
conserva;O
depouvantail;O
casde;O
recidive;O
Nile;B-PER
marquisenou-;O
blierent;O
rivaux;O
lexpia;O
Pignerol;B-PER
verra;O
tardLE;O
dansle;O
chleau;O
Francois;B-PER
ful;O
marque;O
champetres;O
chas-;O
courses;O
foret;O
cheval;O
Rien;O
netait;O
galant;O
equipages;O
briller;O
sobstinait;O
lentretenir;O
habit;O
drap;O
conquerant;O
entouree;O
Lamour;B-MISC
augmentait;O
chaquejour;O
perdait;O
quittait;O
maltresse;I-PER
etaientretour-;O
nes;O
ombrage;O
etne;O
genait;O
entrevues;O
suivaient;I-MISC
c0te;O
cheal;O
admirables;O
allees;O
ressemblent;O
poison;O
repandu;O
r----------60;B-PER
quisen;O
aper-;O
cevait;O
lexcitait;O
nege;O
adroite;O
coquetterie;O
Tantot;B-MISC
poussaitson;O
tantot;O
ellelarretaitbrusque-;O
cabrer;O
suspendait;O
bride;O
docile;O
animal;O
delre;O
tourmente;O
saut;O
arribere;O
manqua;O
renverser;O
jeta;O
cri;I-MISC
etendit;O
lappelant;O
aide;O
Lorsquils;B-PER
revenus;O
frayeur;O
irouvaient;O
compa-;O
gnie;O
etpour;O
seuls;O
voute;O
feuillage;O
Quel;O
helle;O
Henriettel;O
donnerais;O
contrainte;O
pouvant;O
dume;O
maitresseLE;O
DF;I-MISC
Monsieurl;B-LOC
mlaimez;I-MISC
puisque;O
parlez;O
ainsif;O
baissant;O
Nonl;B-PER
espere;O
ecouler;O
doucement;O
empire;I-MISC
moipour;I-MISC
jette;O
Prononcez;B-MISC
Yous;B-PER
jene;O
libre;O
-ie;O
quetterie;O
ineffableLE;O
aimez;I-MISC
quelquun;O
tremblant;O
Ilelasoui;B-PER
aoue;O
personneje;O
cacher;O
pretenduf;O
-Ce;O
Nommez;I-LOC
morlel;O
devinait;O
croire;O
vraif;O
saez;O
qule;O
sauta;I-MISC
baiser;O
bout;O
marquisl;O
faites;O
consacre;O
Yie;O
Ie;O
prosterne;O
CHATEAR;B-MISC
promenerons;O
ensemble;O
os;O
do-;O
maines;O
appellerai;O
-Vous;O
mejurez;O
madorer;O
toujoursi;O
toujoursl;O
aimerai;O
done;O
vaincre;O
obstacles;O
separent;O
besoin;I-MISC
fer-;O
mete;O
inebranlable;O
Comptez;B-LOC
navions;O
combattre;O
prelere;O
persuaderont;O
deshonorer;O
alorsf;O
sais64;O
seul;O
offert;O
ije;O
defierai;O
battrons;O
jele;O
tuerai;O
meltez;O
pilissant;O
devenir;O
perds1;O
meurs;O
qe;O
soyons;O
separes;O
fer;O
yous;O
jusqu;O
brise;O
benis;O
contraire;O
obtenir;O
unir;O
fera;O
-Pourquoi;O
non;O
tesl;O
bonte;O
marier;O
volre;O
choixLE;O
CATEAU;O
resisterai;O
fe-;O
tuer;O
plut0;I-MISC
ceder;O
atten-;O
drons;O
Attendrel;I-PER
celu;O
Argus;B-LOC
nuyes;O
taniere;O
pourrons;O
dici;O
ciel;O
viendra;O
secours;O
lavenir;O
dns;O
lendemain;B-PER
sagit;O
pouez;I-MISC
echapper;I-MISC
rejoindre;O
ouis;O
reunion;O
severe;O
jessaieraiLE;O
rejoignaient;O
ehasse;O
apercu;O
rapprocha;O
lesquelles;O
dintimite;O
questionna;O
cercle;O
dessous;O
dames;O
palais;O
ctes;O
Char-;O
lotte;O
marechal;O
cousine;I-PER
ger-;O
maine;O
elleavaitquelque;O
chosedepuarfaitementdis-;O
tingue;O
douceur;O
Une;O
leloignait;O
inslinct;O
jalousie;O
sexaminaient;O
apercutet;O
lende-;O
lobservation;O
Hlenriette;B-PER
senliment;O
mempecher;O
destinee;O
Tout;O
sembleLE;O
laimef;O
matins;O
sortait;O
Loui-;O
texte;O
daller;O
dIeudicourt;B-MISC
etudie;O
facilement;O
decouvert;O
escaliers;O
derobes;O
cretes;O
descendait;O
parc;O
massifde;O
platanes;O
cacheepar;O
lesbrinches;O
retrouvait;O
lequel;O
restait;O
autant;O
innocentes;O
augmentaient;O
mutuel;O
ellesfurent;O
decouvertes;O
defendit;O
lappartement;O
s0us;O
pretexte;O
ftt;O
lattendit;O
rendez-;O
connut;O
bor-;O
IlLB;B-MISC
devenue;O
ressentirait;O
courir;O
gueilleuse;O
refuse;O
quitter;O
lit;O
rouges;O
vantage;O
Charlotte;I-PER
cctte;O
reponse;O
em-;O
ploya;I-MISC
moyens;O
pare-;O
nir;O
lignes;O
prisonnire;O
vinl;O
jadis;O
entres;O
toits;O
Laalliere;B-LOC
etLE;O
tenter;O
entreprise;O
reflechir;O
suivi;O
valet;I-PER
perilleux;O
plombs;O
Malheureusement;O
apergu;I-MISC
donna;O
leveil;O
renoncer;O
projet;O
complete;O
execu-;O
Lelendemain;B-PER
interrogea;O
nia;O
instruile;O
forma;O
retenlit;O
aventure;O
marierl;O
consentira;O
repon-;O
engage;O
hM;B-LOC
rendra;O
compromise;O
tort;O
deslinait;O
Richelieu;B-PER
trouvera;O
gendre;O
reparation;O
rapportee;O
Ienriette;B-PER
causa;O
jole;O
refusat;O
dej;O
formait;O
chateaux;O
Espagne;B-LOC
entrer;O
foudre;O
tombant;O
leut;O
effrayee;O
interdite;O
salua;O
viens;O
diltM;O
tremblante;O
restee;O
maudite;O
bruits;O
injurieux;O
repandus;O
compte;O
reprenons;O
at-;O
tend;O
aprbs;O
repris;O
hauteur;O
pareille;O
refusez;O
noseriez;O
pretendre;O
Toujours;O
IIenriette;B-MISC
etindomptable;O
devriez;I-MISC
lever;O
pareil;O
eclat;O
Mlonsieur;B-MISC
quy;O
un7;O
CGHIATLAU;B-ORG
reunit;O
convenances;O
aviez;O
consulter;O
jepouserais;O
tiendrez;O
conviendra;O
manquerai;O
mienne;O
parlait;O
agitation;I-PER
exreme;I-PER
En-;O
croisa;O
braset;O
aie;O
recu;O
rendrais;O
cczcc;O
den;B-PER
rai-;O
passiez;O
bras;O
noncerai;O
tient;O
lavie;O
prie;O
deLE;O
PIMON;I-MISC
autrement;O
dobtenir;O
Mlais;O
jepouse;O
illa;B-PER
sre;O
entendu;O
atout;O
sistance;O
despoir;O
moi-;O
eh;O
mabandonnerai;O
partira;O
reponds;O
partirai;O
lu;O
jaidautres;O
proteste;O
toule;O
demarche;O
compro-;O
mettrait;O
liberte;O
Tenez;B-LOC
soleilnousnous;O
mettrons;O
routeLE;O
Jy;O
consens;O
desobeir;O
nepouserai;O
lhomme;O
loublier;O
obeirez;O
-Encore;O
pars;I-MISC
reviendrai;I-MISC
descendre;O
larmes;O
roulerent;O
0ter;O
compagnon;O
linter-;O
haussa;O
marcha;O
Dites;O
eternel;O
adie;O
folies;O
orgueilleut;O
projets;O
jure;O
epee;O
entendre;O
parlerLE;O
larreta;O
sacrifiez;O
livrant;O
tyrannie;O
repondrez;O
interdit;O
apostrophes;O
ecarta;O
duans;O
corridor;O
leclat;O
embellie;O
melan-;O
colie;O
cha;O
recueillant;O
apprit;O
nignorait;O
resi-;O
gnait;O
sort;O
engagees;O
--Vous;O
partez;O
enleve;O
condamne;O
oposer;O
compromettreLE;O
Recevez;B-PER
serment;O
nappartenir;O
regrets;O
jus-;O
rendue;O
maintenant;O
fidele;O
rienne;O
separera;O
resisterez;O
conserver;O
crains;O
Jevous;I-PER
concentree;B-LOC
daus;O
craignait;O
delever;O
aumilieu;O
indifferents;O
entoures;O
ecrirai;O
reverrons;O
0u;O
morte;O
quitterent;O
sap-;O
procha;O
Venez;B-LOC
madamede;O
suivit;O
conductrice;O
jusqula;B-PER
deDangeau;I-PER
Langlee;I-PER
RichelieuLE;B-MISC
CIHATRAU;I-MISC
perdons;O
dit-;O
cartes;O
ramassant;O
pile;O
etalee;O
elleen;O
jetons;O
pays;O
vivre;O
affec-;O
distrait;O
Nest;O
desiriez;O
desirait;O
triste;O
compris;O
reinela;O
permission;O
partir;O
croyais;O
ml;O
pris;O
soins;O
dontje;O
uecquitte;O
depart;O
devez;O
puissiez;O
imaislapprendrelE;O
PIINON;B-ORG
Fiere;I-ORG
sein;O
nemie;O
nattendit;O
retiraIV;O
tIIlII;O
JUS0I1;O
IlI;B-PER
III;I-PER
Penlant;I-PER
duree;O
duns;O
fond;O
prononcer;O
compagnons;O
finirent;O
adresser;O
indifferentes;O
guerre;O
arriverent;O
3;O
---LE;O
freres;O
lvres;O
cevant;O
remonta;O
partement;O
annoncant;O
reviendrait;O
aussitot;O
reveil;O
trer;O
sassit;O
adresse;B-PER
froid;O
bonjour;O
derange;O
rappeler;O
motifs;O
s0ne;B-MISC
0i;O
niariage;O
leLE;I-MISC
voeux;O
chers;O
comprenez;I-MISC
venu;O
dexecuter;O
allez;O
vingt;O
anje;O
majeure;O
songez;O
suites;O
lous;O
evenements;O
seigeurs;I-MISC
foi;O
calomnies;O
repandues;O
pasretirer;O
role;O
seraient;O
nappartiendrai;O
qua;O
viyant;O
reflechirez;O
Mlademoiselle;B-LOC
saie;O
demployer;O
lascendant;O
eu;O
autrefois;I-MISC
parti;O
irrevocable;O
orgueil;O
ployer;O
prier;O
appui;O
flechirai;O
epouserez;I-MISC
nepouserez;O
resterai;I-MISC
sortirez;O
ferai;O
garder;O
vue;O
-Jy;O
dautant;O
jallais;O
gardera;O
choisirai;O
voudrez;O
recevrez;O
necrirez;O
aucune;O
egalLE;O
CHATEAD;B-ORG
decidee2;I-MISC
Absolument;O
Adieu;B-PER
faibles;O
revoltes;O
tyran;O
croyait;O
chaines;O
lourdes;O
imposer;O
sorti;O
precipita;O
verrou;O
prenant;O
plume;O
ecrivit;O
defend;O
revoir;O
pbere;O
aucun;O
recevra;O
persecutions;O
plutt;O
persecuter;O
souffrir;O
pourme;O
Ecrivez;B-MISC
adressez;I-MISC
laLIE;O
leltre;O
marrivera;O
t0l;O
jat-;O
tends;O
HeNIrTE;O
lRotcY;O
appela;O
Iit;B-PER
habiller;O
attendit;O
lecrire;O
vieille;O
charge;I-MISC
mariee;O
sommelier;O
nomme;O
Joguet;B-PER
suiteElle;B-LOC
enoyee;O
mademai-;O
coucher;O
obser-;O
vations;O
croisee;O
tricotaLE;O
CHAITEAU;O
85;O
servirez;I-MISC
seule-;O
parlera;O
oix;O
baisse;O
remettra;O
laie;O
examine;O
bornera;O
Trs;O
VWoilh;B-MISC
systeme;O
despionnage;O
parfaitement;O
organise;O
n0us;O
conformerons;O
ennuiera;O
Pa-;O
tience;O
courge;B-PER
enfunt;O
galment;O
tapisserie;O
oucy;I-PER
fatigua;O
rigueur;O
chassa;O
journee;O
paraissait;O
affireuse;O
navaient;O
jardins;O
prives;O
folatre;O
gra;O
cieuse;O
semblaient;O
deserts;O
II;I-PER
regretter;O
severite;O
ouvrir;O
prison;O
Bussi;I-PER
caplive;O
flechis-;O
prenait;O
cho-;O
philosophiquemenl;O
hors;O
dangereuse;O
sagissait;O
quel;O
empressement;O
llen;B-PER
tournee;O
Lidee;B-PER
vertiges;O
viendrait;O
cas;O
persisterait;O
fuser;O
naiLE;B-MISC
CHAEAU;O
DL;I-ORG
laffliger;O
tombent;O
cotera;O
letre;O
raisonnablement;O
veillerai;I-MISC
dansla;O
delI;B-MISC
deLameth;O
prononcant;O
som-;O
resolu;O
trembler;O
filleP;O
-La;O
laisser;O
punis;O
separant;O
Allez;O
larmesLE;O
bE;O
-Soyez;O
pleurera;O
Jessayerai;B-PER
duira;O
leffelt;O
desirons;O
vueP;I-PER
vo-;O
fillel;O
quittee;O
mon-;O
rendrai;O
Lorsque;O
monter;O
distiuction;O
trouvez-;O
menezf;O
resige;O
changer;O
cruelle;O
obstinee;O
-Jesuis;O
mallLE;B-ORG
etiez;O
delivre;O
influences;O
conduisent;O
serions;O
repli-;O
baisant;O
troublez;O
chimeres;O
promise;O
ll;O
naviez;B-ORG
songe;I-MISC
hvous;O
defendre;O
maudit;O
voyagel;O
trompez;O
epouser;O
tue;O
-Cependant;O
conenable;O
N-;B-ORG
pouvez;I-MISC
desirer;O
Nais-;O
sance;O
beaule;O
biecn;O
fLE;O
Cent;O
foisl;O
touche;O
prieres;O
purtir;O
devint;O
fere;O
resistance;O
violente;O
soumission;O
revoltee;O
repetant;O
irezl;O
assiste;O
scene;O
essaya;O
meler;O
observations;O
celles;O
imposa;O
lElle;O
mystere;O
frappa;O
ouvraitla;I-MISC
doigt;O
regardant;O
Jo-;B-LOC
guet;O
quittaient;O
eter-;O
nel;O
tricot;B-LOC
ra;B-PER
CATLAU;B-ORG
masser;O
tablier;O
lapercut;O
tourna;O
involontaire;O
largus;O
auprs;O
fentetre;O
volume;O
theatre;O
Corneille;B-PER
Nicolle;B-MISC
tablette;O
-Quoil;O
justement;O
gros-la;O
compren-;O
Donne;B-PER
morceau;O
papier;O
Est;O
laissel;O
Demandes;O
quit;O
92;O
LHE;O
poche;O
liasse;O
papiers;O
crasseux;O
sentez;O
lambre;O
mie;O
soubrette;O
me-;O
naeud;O
rubaus;O
MIa-;B-MISC
embaume;O
tiroir;O
comptes;O
linges;O
porta;O
toucy;B-LOC
glissa;O
dechira;O
piers;O
morceaux;O
chiffonner;O
brisa;O
lenveloppe;O
stans;O
lutten-;O
duegne;O
avecle;O
placa;O
ouverte;O
ieuilles;O
histoire;O
lireP;B-MISC
Made-;O
belleLE;O
93;O
commencee;O
hier;O
amusera;O
-Le;O
permettez;O
Joguetf;B-PER
mela;O
defendu;O
ecoutez;I-MISC
saiment;O
impertinente;O
Du;O
separe;O
souffrez;O
sappelle;O
lheroinei;O
uis;O
lire;O
ecrit;O
reprends;O
Adorable;B-PER
racheter;O
larimes;O
depens;O
mavie;O
helas;O
attendre;O
charmantes;O
assurances;O
quevous;O
donnezme;O
comblent;O
joie;O
oje;O
pourrai;O
temoigner;O
reconnais-;O
Quedois;B-LOC
jefairedonnez;I-LOC
moivos;I-LOC
ange;O
tutelaire;O
etma;O
languis;I-MISC
alliez;O
tortures;O
affli-;O
cesser;O
maimer;O
cesserais;I-MISC
lavez;O
vivant;O
pourra;O
separer;O
avos;I-MISC
couvre;O
exprimer;I-MISC
ressens;O
Voici;O
Ton;B-PER
heros;O
lesprit;O
trouvezR-;O
quontrompeles;O
JeLE;B-MISC
95;O
gage;O
seducteur;O
repritmadame;O
ton;O
doctoral;O
Voyons;B-PER
suilte;O
samusait;O
lembarras;O
finit;O
fatiguee;O
oulez;O
raconterai;O
Dejh;O
fatigueet;O
rhume;O
affreux;O
-Soit;B-ORG
raconte;O
denouement;O
Se;O
marierent-;O
ilst;O
El;O
pourquoif;O
Parce;O
maries;O
saimerent;O
futs;O
Joguel;B-PER
conte;O
impertinent;O
celte;O
experience;O
rend;O
instruite;O
etat;O
sinstruit;O
ouvrant;O
Quen;B-PER
hardie;O
commere;O
doser;O
madameJoguet;O
auciel;O
restalh;O
Apres;B-MISC
procurer;O
crayon;O
pant;O
couverture;O
plomb;O
adaptee;O
boite;O
murquis;O
unelettre;O
resolutions;O
tir;O
seduit;O
garcon;O
decurie;O
minauderies;O
promettant;O
causer;O
aYec;B-MISC
imposait;O
c0mmissions;O
dangereuses;O
enferme;O
demi-heure;O
travailler;O
sortie;O
sennuyer;O
ieille;O
dise;O
gazette;O
Donnez;I-PER
remisef;O
dhotel;O
lleriette;O
parcourut;O
/;O
vc;O
1;I-MISC
/e;O
798;O
recommence;O
ahl;O
larmee;O
-Il;O
Rhin;B-LOC
regiments;O
Normandie;B-LOC
darmee;O
pretend;O
gazette7;O
eneffetles;O
details;O
quel-;O
ques;O
0ms;O
connaissance;O
trouvaient;O
ci-;O
respira;O
pointl;O
mave;O
imprimesr;O
99;B-LOC
machination;I-MISC
suivirent;O
appor;O
changement;O
commencait;O
solitude;O
tournait;O
daucune;O
prevenir;O
allaient;O
Jignore;B-PER
sagis-;O
sit;O
enterrement;O
viennent;O
savouer;O
vaincus;O
finira;I-MISC
entendit;O
lantichambre;O
ce-;O
taient;O
visiteurs;I-MISC
annonces;O
IHenriette;B-MISC
com-100;I-MISC
posa;O
recut;O
serieusement;O
--Ma;O
cevoir;O
quoiquil;O
cole;O
affliger;O
C0nnaissance;B-PER
Jecoute;B-PER
punition;I-MISC
desobeissance;I-MISC
resiste;O
chtiee;O
dbes;O
lel;O
commandement;O
mourir;O
dimpa-;O
tiencel;O
Villeroi;B-PER
mande;O
duel;O
dArtagan;B-PER
grands;O
vou-;I-MISC
comprendreLE;O
101;O
membres;O
tremblez;O
ayez;O
guerira;O
fondre;O
regardait;O
chan-;O
ger;B-PER
desagreable;O
assurer;O
qula;O
dater;O
daujourdhui;O
nendurerez;O
persecution;O
attendrons;O
perel;O
criait;O
au102;I-PER
LL;O
sanglots;O
existe;O
Ma;B-MISC
naimez;O
yousi;I-PER
affreuse;O
est-elle;O
lut;I-MISC
duire;O
Ursulines;B-LOC
desormais;O
vire;O
jaimis;O
disparu;O
loucy;O
coucha;O
LaonHI1I0;O
ailes;O
senvole;O
ramene;O
aditlebon;O
Fontaine;I-PER
Mademoisellede;O
couvet;O
c0mmencait;O
pleure;O
flots;O
premiers;O
seche;O
livrer;O
melancolie;O
Veu;B-LOC
epars;O
commencaient;O
relever;O
tresses104;B-LOC
foncee;O
bleu;O
lAbbesse;B-MISC
proposa;O
dentrer;O
postulantes;O
pensionnaire;O
soutint;O
aprs;O
douleur;O
declare;O
monastere;O
Aucune;O
dehorsne;O
parvenait;O
quele;O
voulu;O
deviens;O
laide;O
devrait;O
senterre;O
rais;O
risee;O
laprovince;I-MISC
Pas;O
jo;I-MISC
LU;I-MISC
CHRATLAU;O
105;O
pension;O
detrange;O
Navez;O
religionf;O
flamme;O
bravement;O
hasard;O
Mlade-;B-LOC
certaine;O
pirel;O
paure;I-MISC
oubliee;O
luil;B-LOC
sujels;O
caution;O
maimait;O
tantl;O
habitait;O
consolerai;O
perte;O
-Louison;O
ridiculef;O
certaine106;O
-Alors;O
comprends;O
Engage;O
proposer;O
cederai;O
ravi;O
engager;I-MISC
lAbbesselui;O
ecrire;I-MISC
parloir;O
changee;O
seriez;O
saint;B-PER
asile;O
tris-;O
tesse;O
profondel;O
peref;I-MISC
Certinement;O
choi-;O
sir;O
voile;O
LamethLE;O
Ni;O
nilautre;O
1o7;O
huit;O
reflexions;O
MIademoi-;B-MISC
Enfer-;B-ORG
Beau-;O
Dimanche;B-MISC
chain;I-MISC
viendrai;O
cide;O
irrevocablel;O
accablee;O
poids;O
-Cest;O
ainsil;O
domine;O
penses;O
vaut;O
devinejuste;O
conduit;O
soutenu;O
devier;O
roule;O
prejuge;O
cen;B-MISC
engagee;O
tiendra;O
bon108;B-LOC
-Moi;O
soleil;O
dorait;O
joyeu;O
rayons;O
cam-;O
pagne;O
splendeurs;O
dejuin;O
eil;O
plaines;O
vertes;O
fleuries;O
dossier;O
fauteuil;O
ta-;O
bleau;O
ifau-;O
drait;O
cil;O
couper;O
enfermer;O
coiffe;O
sommeil;O
jaime;O
porter;O
sou-;I-MISC
liers;O
robes;O
bure;O
hasardLF;O
109;O
portaient;O
grille;O
baisser;O
ren-;O
contrer;O
profanes;O
regardsl;O
pauvre;O
Louisonl;B-PER
velours;O
diamantsl;O
chasses;O
adorateurs;O
fleurs;O
dentellesl;O
libertel;O
Ia;B-PER
pasl;O
ferais;O
Mlademoislle;B-LOC
ijeerirais;O
riage;O
Mtis;O
naime;O
si110;B-LOC
ite;O
lapeine;O
compter;O
tcru;O
mort;O
solee;O
Consolee;O
consolee;O
pir;O
deciderez;O
deijh;O
Ehl;B-PER
devenez;O
dande;O
soudrezapres;O
fais;O
quoiqueje;O
pisl;O
discussions;O
renouvelerent;O
foisLE;O
111;O
demon;O
tentateur;O
montrai;O
magnificence;O
compenser;O
lepoux;O
naimait;O
essayait;O
persuader;O
cederait;O
boheur;O
tcramponna;O
eflet;O
colorer;O
inconstance;O
fixe;O
eerivit;O
indulgence;O
sas;O
pareil-;O
prouver;O
Pour;O
Os;O
religieuse;O
Faites;B-ORG
jattendrai;O
autels;O
consommerai;O
sucrifice;O
112;O
sortirai;O
titre;O
soumise;O
affectueuse;O
HNRIETTE;O
RoUcY;B-LOC
Vivatl;O
Mademoisele;O
tint;O
cachetee;O
remise;O
verrai;O
aipas;O
descendras;I-MISC
remettras;O
lieel;O
repentirez;O
Pinonl;B-MISC
dHIenriette;O
combla;O
cellent;O
permettait;O
8LE;B-PER
113;O
lenvers;O
celebrer;O
digne-;O
evenement;O
superbes;O
presents;O
ecrivait;O
trans-;O
commence;O
Helas;B-PER
mentce;O
t0;O
religieuses;O
t0mplimenter;O
admirer;O
belles;O
quilui;O
envoyees;O
ceremonie;O
revolution;O
voulaient;O
Aant;B-PER
recevoir;O
senferma;O
puquet;O
soigneusement;O
cachete;O
Garde-moi;B-PER
s0uvenirs;O
r-------114;B-MISC
troublent;O
couragel;O
examinait;O
magni-;O
fique;O
rohe;O
brocart;B-MISC
vetir;O
serrant;O
paquet;O
prends;O
garderai;O
entendrez;O
soupirant;O
reellement;O
touchante;O
savance;O
vOus;B-MISC
htons;O
commencer;O
toilettei;O
portes;O
souvrirent;O
novices;O
fesses;O
assister;O
lavons;O
115;O
hrocrt;O
brode;O
fines;O
doranger;O
rangs;O
grosses;O
noisettes;O
rattachees;O
agrafe;O
diamans;O
collier;O
girandoles;O
Flandre;B-LOC
recouvrait;O
celeste;O
ladmi-;O
ration;O
chapelle;O
pret;O
noblesse;O
lattendaient;O
contenance;O
aisee;O
le-(Grand;I-PER
entiere;O
certitude;O
admiree;B-PER
nipersonne;O
c0mte;O
sa116;B-LOC
CIIAIEAU;B-ORG
1NON;O
lorsue;O
sorlant;O
leglise;O
tendit;O
appeler;O
tressaillit;O
allons;O
toutefois;O
yeuxs;O
comle;O
baisa;O
1Ils;O
montrent;O
aec;O
pein-;O
tures;O
charmates;O
gris;O
atteles;O
livree;O
cedait;O
enivree;O
entendait;O
cotes;O
retentir;O
accom-;O
eclats;O
immoderes;O
lenthousiasme;O
secriait;O
onLE;O
117;O
veritable;O
delire;O
excitee;O
plushaut;O
lidoltrie;O
crut;O
ouvert;O
semee;O
defleurs;O
quets;O
couvrirent;O
guir-;O
landes;O
chantbrent;O
couplets;O
tcoups;O
fusil;I-MISC
danses;O
fusees;O
semblables;O
rejouissances;O
Lors-;O
lavenue;O
tours;O
apparurent;O
lesregards;O
paoisees;O
dedrapeaux;O
couronnes;O
rubans;O
etin-;O
celaient;O
Woila;B-PER
royaume;O
sujet118;B-MISC
laimait;O
pesque;O
manoir;O
lori-;O
gine;O
appartenu;O
sires;O
Coucy;B-LOC
1190;O
Raoul;B-PER
I-;I-PER
Terre;B-LOC
Sainte;I-LOC
partage;O
biens;O
echut;O
Robert;B-PER
dernier;O
pritle;O
Rotert;B-PER
arrivee;O
Sint-Jean-dAcre;O
cadette;O
extinction;O
1222;O
Avant;O
chartes;O
relatives;O
labbaye;O
Premontre;B-PER
djh;O
importante;O
frere;O
dAlix;B-PER
Dreux;I-LOC
petite-fille;O
Louis-le-Gros;B-LOC
promit;O
hommage;O
por;B-ORG
Thomas;I-PER
Vervins;I-PER
alne;O
aliener;O
aait;O
Elisabeth;B-PER
RoucyLE;I-PER
CGHAEAU;O
119;O
aieules;O
luifit;O
observer;O
lnte;O
combattit;O
Bouvines;B-MISC
faitmarechal;O
avaitalors;O
mourut;O
generations;O
neut;O
denfants;O
succession;O
passa;O
seur;O
Jenne;B-LOC
Guillaume;B-PER
dePonthieu;I-PER
laisserent;O
Jeanne;B-PER
prents;O
cederent;O
chatelenie;O
marierent;O
Crevecaeur;I-LOC
1585;O
racheta;O
Ponthieux;I-PER
file;O
revendit;O
2l;O
decem-;O
A01;B-LOC
due;O
baronnie;O
ucy;O
Soissons;B-LOC
eriger;O
pairie;O
104;O
l06;B-LOC
Bourgogne;B-LOC
nnemi;O
dOleans;I-PER
reu-;O
ion;O
pre-120;B-ORG
possedee;O
dapana-;O
ge;O
decision;O
108;O
Bar;I-PER
dEnguerrand;B-PER
Couy;B-ORG
Marie;B-PER
filleatnee;O
lacquisi-;O
descendant;O
deMarie;O
Y;B-PER
eut-;I-MISC
ilun;I-MISC
possesseur;I-MISC
intermediaire;O
jouissance;O
declaircir;O
recherches;O
aient;O
naltre;O
estChristophe;B-MISC
vivait;O
seizieme;O
siecle;O
qualites;O
etaientcelles;O
Chevalier;O
Aixin;B-PER
Lanissecourt;I-PER
Clany;I-PER
Thurin;O
vicomte;O
dAnsizy-le-Chttel;O
decore;O
lordre;O
epousa;O
Isabelle;B-PER
deBayencourt;I-PER
filsLE;O
121;O
cadet;O
heritier;O
noms;O
terres;O
oncle;O
Antoine;B-PER
Bayencourt;I-PER
Bou-;O
chavannes;O
Quincy;B-LOC
Christophe;B-PER
gouverneur;O
ligue;O
traita;O
directement;O
159;O
sefit;O
appelericomte;O
deBussy-;O
titulaire;O
distinguer;O
dHennecourt;B-MISC
proche;O
intime;O
ami;O
cardinalde;O
Retz;B-PER
memoires;O
raccommoda;O
Cardinal;B-PER
obligee;O
dentendre;O
dnt;O
chemin;O
deLaon;O
ge-;O
nealogie122;B-MISC
bDE;I-ORG
ajouta-;O
connaisse;O
dignite;O
afin;O
splendeur;O
tra-;O
giques;O
deClermont;O
dAmboise;B-MISC
assassine;O
quilui1;O
=;O
justice;O
injure;O
barbare;O
-Non;O
eneore;O
ditlejeune;O
honorable;O
repa-;O
lepee;O
larme;O
laches;O
lches;O
ruse;O
OnvousLE;O
123;O
enlever;O
preuve;O
reclamons;O
dAm-;O
boise;O
merite;O
reveuse;O
ponts;O
levis;O
baisses;O
ranges;O
haie;O
vassaux;O
accueillirent;O
cris;O
Vive;B-MISC
vive;O
comtessel;O
affabilite;O
extraordinaire;O
tcendant;O
conte-;O
nu;O
bourse;O
disposee;O
banquet;O
retentissait;O
instruments;O
ota;I-MISC
tables;O
commenga;O
gade;O
reputation;O
cha-;O
admirait;O
graces;O
tradition124;B-MISC
ainventelepas;O
sol;O
corruption;O
durerent;O
plusieurs;O
Toute;O
assista;O
element;O
tra;O
aimable;O
brillant;O
lentourait;O
former;O
genoux;O
beau-pere;O
flechir;O
soninvinci-;O
ble;O
ecuyers;O
Elletint;B-LOC
pleniere;O
onne;O
gentilshommes;O
ronde;O
modeste;O
retenuene;O
laissant;O
paraitre;O
quunefiertesans;O
permise;O
talents;O
genres;O
coquette;O
IIE;B-ORG
125;O
0mme;O
enviee;O
critiquer;O
fortement;O
jusqulau;O
separee;O
commencrent;O
querelles;O
senvenimaient;O
consolait;O
redoublant;O
fenme;O
saugmentait;O
succs;O
sacrifiait;O
avee;O
desespoir;O
preoccuper;O
quamenaient;O
aventures;O
jouissait;O
savait;O
plaisanter;O
Quelque;B-MISC
deshabiller;O
pur1268;B-MISC
LS;I-MISC
demoi-;O
beau-perel;O
ceurf;O
absolument;O
pasIISI0I;O
dAnizy;B-MISC
situe;O
quart;O
appartenait;O
eve-;O
cardinal;O
dEstrees;I-MISC
lhabi-;O
assidus;O
excellait;O
lanterie;O
rochet;O
camail;O
cessait;O
vanter;O
lelaine128;B-PER
PIN0N;I-MISC
Anizy;B-ORG
496;O
eveques;I-MISC
00;O
Remi;I-PER
erigea;O
levechede;O
bourg;O
figura;I-MISC
guerres;O
civiles;O
appartenant;O
1b10;O
Bourbon;I-PER
construire;O
portion;O
aujourdhui;O
magnificences;O
monument;O
rois;O
entrau-;O
lhospitalite;O
saison;O
voisinage;O
agrements;O
trou-;O
connu;O
temoin;O
brilante;O
apparition;O
qiy;O
espece;O
daceord;O
cite;O
circonstan;O
129;O
Le-;B-PER
gout;O
comprendre;O
devaient;O
fuir;O
ignorait;O
rela-;O
poussees;O
fai-;O
echo;O
relations;O
lespro-;O
vinces;O
capitale;O
netaient;O
Peu;O
voya-;O
geaient;O
rare;O
anecdote;O
repandit;I-MISC
Dan;B-PER
lete;B-LOC
1774;O
dEstree;B-MISC
tablit;O
recevait;O
etrangers;O
distinction;O
hotes;O
deenaient;O
tot;O
siens;O
eutune;I-MISC
moines;O
abbe;B-LOC
recurent;O
prelat;O
pren-;O
plisir;O
domaines;O
accompa-130;O
ciAriAU;O
PINoN;B-LOC
gne;B-LOC
maidame;O
Lumethi;B-MISC
dautrespersonnes;O
Li;B-PER
tua;O
sanglieret;O
chevreuils;O
distribues;O
assistants;O
Monseigneur;B-PER
Eminence;B-PER
san-;O
glier;O
Certainement;B-PER
etje;O
demanderaila;O
permissiou;O
hure;O
mange;O
meilleures;O
ve-;O
naisons;O
possibles;O
iodee;O
vousen;O
goter;O
risque;O
Emi;B-ORG
131;O
nence;O
ragout;O
presentes;O
egale-;O
decida;O
festin;B-LOC
lieule;O
semaine;O
leveque;I-MISC
rappelait;O
linvitation;I-MISC
quilluietait;O
survenudeux;O
fier;O
ious;O
donnerez;O
ayons;O
wrai2;B-MISC
mets;O
comfe;O
souriant;O
resplendissante;O
puissent;O
Picarde132;O
IE;I-MISC
Nirons;O
bientdt;O
sieur;O
comtef;O
-Lannee;O
prochaine;O
embarrasse;O
neles;O
ici7;O
theitre;O
Madamef;I-LOC
Encore;O
laisse;O
bord;O
preci-;O
pice;O
ait;O
eelale;O
precipice;O
abime;O
Nadame;B-LOC
jouez;O
prendrez;O
133;O
puissantes;O
Madamei;B-PER
cachant;O
tele;O
mains;O
reveiller;O
souvenirs;O
eteints;O
atteinte;O
fiez;O
occupee;O
toi-;O
lette;O
nou-;O
velles;I-MISC
parures;I-MISC
patageait;O
vux;O
ecrin;O
oseporter;O
quoiquelle;O
donnee;O
cadeau;O
noces;O
eteproclamee;O
la134;B-LOC
cours;O
denos;O
ajoute;O
rendeplus;O
trouver;O
delicates;O
plut;O
gneurs;O
donnrent;O
coiffa;O
bijou;O
feuilles;O
eau;O
rubis;O
balais;O
admira-;O
bles;O
Dans;B-MISC
produire;O
effet;O
resista;O
Ainsi;O
apprendront;O
lapauvre;O
quiautrefois;O
parure;O
feuillages;O
pierreries;O
seraiLE;O
135;O
fibre;O
yoir;O
aceoutree;O
lhabit;O
mettra;O
croit;O
ha-;O
bit;B-PER
detoffe;I-PER
brochee;O
blement;O
coiflure;O
chosehdesirer;O
riche;O
belel;O
Belle;B-MISC
richel;O
orner;O
bele;O
lai-;O
deur;O
eutre;O
prendrait;O
   ;O
arriver;O
lar-;O
gent;O
changerait;O
visage1308;O
largent;O
chares;O
Dailleurs;O
occupons;O
heureusement;O
iour;O
chaud;O
pul;O
dormir;O
minuit;O
sacheminerent;O
fontaine;O
esperaient;O
fratcheur;O
arbres;I-MISC
quilentouraient;O
cachaient;O
minutes;O
lointain;O
galop;O
lieu-;O
apergcues;O
sortions;O
fallt;O
traverser;O
lallee;O
decouvrirait;O
certainement;I-MISC
approchait;O
toujoursLE;O
CHRAIEAU;B-MISC
blanche;O
lune;O
perle;B-LOC
dos;O
Attends;O
amants;O
pirer;O
murs;O
repose;O
Heureusement;O
soupconner;O
-Jesus;O
signe;O
croix;O
napprochez;O
Mua-;O
dgmel;O
Quest;B-MISC
Quy;O
Napprochez;O
conjure;O
visuge;I-MISC
savun-;O
ant;O
Ma-138;I-PER
sappuyer;O
arbre;O
tremblait;O
Lombre;B-PER
promenant;O
clairiere;O
Illes;B-PER
fixa;O
couverte;O
mapercoit;O
tomba;O
involontairement;O
fougueux;O
enten-;O
disparut;O
nait;O
perdit;O
leloignement;O
Quui;O
Jamais;O
retrouyer;O
quau;O
assurement;O
monseigneurle;O
CAZTEAU;B-ORG
139;O
veque;O
cle;O
sonne;O
penetrer;O
messes;O
rentrer;O
traversa;O
courant;O
les-;O
paece;B-PER
quila;O
separait;O
nosant;O
regar-;O
der;O
deman-;O
da;O
effrayees;O
possi-;O
madamie;O
revenant;O
deshabillant;O
bBeaupre;B-MISC
emain;O
demanderai;O
--------140;O
apparemmenl;O
samedi;O
apparitions;I-MISC
vas;O
machambre;O
mettras;O
saurais;O
letat;O
spectre;O
defait;O
image;O
fletrie;O
battre;O
devenu;O
siinsensible;O
Mlon;B-PER
demainl;O
qi;O
puar;O
evene-;O
linterrogea;O
anxiete;B-PER
avaitu;O
illusion;O
11;O
ceP;O
Oi;I-PER
saute;O
dessus;O
mur;O
quinze;O
delevation;O
Louis0n;B-MISC
reconnu;O
repritelle;O
vile;O
nelait;O
manant;O
interroger;O
bru;O
Ellelui;B-PER
memes;O
reponses;O
interrompil;O
vous142;B-MISC
nirez;O
ainsila;O
uit;O
champs;O
errante;O
rencontriez;O
fantomes;O
appelez;O
parlerai;O
Misericordel;O
Biissy;O
mechantl;O
laissees;O
craindrais;O
ven-;O
geance;O
redouter;O
craindre;O
mauvais;O
lexcite;O
haine;O
quilne;O
pardonner;O
aucuns;O
dexcuse;O
calmer;O
entretiens;O
CHATAU;B-MISC
143;O
terreur;O
horriblel;O
Reellement;O
dormions;O
samuse;O
parcourir;O
ee;O
gulop;O
desespere;O
tremble;O
enc0re;O
-Madame;O
lEminence;B-MISC
chapelet;O
beni;O
oimbre;O
rencontrerai;O
dau-;O
craindrai;O
spirituelles;O
Pauvre;I-MISC
aimuit;O
Madamel;B-PER
--Oui;O
aimee;O
sije;O
lavais;O
Mludame1;B-MISC
Dis;B-PER
MIontespan;B-MISC
Mille;O
plantes;O
I9;B-ORG
retournerai;O
mlaccablera;O
epi-;O
grammes;O
nosera;O
preparatifs;O
Deschamps;B-PER
lesergent;O
ville;O
enant;O
conseiller;B-PER
Ceur;B-MISC
Roy;B-PER
ara-;O
Ill;B-LOC
puys;O
u;I-MISC
venus;O
VaimentLE;O
145;O
Corcy;I-PER
deuil;O
veuve;O
compagnies;O
habite;O
lieutenant;O
Est-elle;O
Tres;O
dedaigneuse;O
annonceait;O
continuait;O
na-;O
vait;O
pla-;O
cee;O
maguifique;O
ressortir;O
blancheur;O
peau;O
admirablement;O
vetue;O
uir;O
pavillon;O
Grces;B-MISC
16;O
Lamethen;B-LOC
frappes;O
sois;O
Pi-;O
carde;O
deesse;O
vinite;O
exagere;O
extra-;O
vagance;O
comprenait;O
resistt;O
possession;O
lindifference;O
probablement;O
nourriture;O
lindiffirence;O
attele;O
six;O
magnifiques;O
beaucarrosse;O
piqueurs;O
caracolaient;O
ct-;O
laLE;O
147;O
equi-;O
page;O
satisfaite;O
lemportant;O
craintes;O
oublia;O
vision;O
trajet;O
parcs;O
touchent;O
Madamede;B-PER
remarqua;O
joyeusement;O
groupes;O
ani-;O
formaient;O
nobles;O
vives;O
perron;O
parvenaient;O
plis;O
soie;O
feutre;O
murmure;O
seleva;O
Accoutumee;B-MISC
flattee;O
Cejour;B-LOC
lordinaireLidee;O
nela;B-PER
te-;O
ccc--148;B-MISC
blisaux;O
balcons;O
critiquaient;O
toultes;O
yeu;O
diable;O
arrives;O
tai;O
suii;O
tempecher;O
sottise;O
maintenanl;O
jentends;O
Fiesque;B-LOC
ten;O
supplie;O
lescalier;O
server;O
voit;O
tournes;O
reconnalt;O
Ell;B-MISC
rappelle;O
coup;I-MISC
evnouievII;O
IIllI8;B-LOC
IlI0UI;I-LOC
transporter;O
curdinal;O
sempressa;O
domestiques;O
Levanouissement;B-MISC
tit;O
feinte;O
demi-;O
reprendre;O
regurds;O
tomberent;O
sur150;B-MISC
LIE;B-ORG
criant;O
Monseigueur;O
sauvez;O
moil;O
valets;O
signifient;O
parolesf;O
la3;O
vouscrain-;O
revu;O
Par;O
faculte;O
surnaturelle;O
jaireconnu;O
MIais;B-MISC
aunom;O
duquel;O
et6;O
infidele;O
ient;O
mele;B-PER
reprocher;O
viel;O
oreille;O
Bussyy;I-PER
151;O
souffre;O
mavoir;O
rie;O
celui-ci;O
delivree;O
visionf;O
chre;O
repetait;O
calmez-;O
reves;O
soufirante;O
toutela;O
fibevre;O
Mal-;B-MISC
empressee;O
eontrarier;O
accs;O
reprend;O
remonter;O
car-;O
rosse;O
couchera;O
enverra;O
medecin;O
regime;O
Mlonseigneur;B-LOC
folle;O
le152;B-LOC
pare;O
nele;O
nommez;O
Lveque;B-LOC
etonne;O
uait;O
delivrez;O
spectrel;O
vons;O
excuses;O
ridicule;O
retirer;O
essayer;O
reverrai;O
imprudence;O
laissee;I-MISC
abuser;O
ressemblancc;O
antre;O
qulun;O
repos;O
meltra;O
fruayeur;O
153;O
laura;O
agrea-;O
ensuite;O
latten-;O
dons;O
-=-;O
onseigneur;O
VWousne;B-MISC
lejeune;O
MIonsieur;B-MISC
Iavis;B-PER
acident;O
scandale;O
annoncer;I-MISC
0mte;O
Monsieurf;B-ORG
demanda-;O
mari154;O
etincellants;O
partirons;O
deviennent;O
maisje;O
min-;O
J;O
exigez;O
parte;O
laporte;O
sante;O
commande;O
portee;O
irai;I-MISC
0ul;O
Oubien;O
oserez;O
employer;O
violenceLE;O
155;O
morbleu;O
pousserez;O
patience;O
suivrez;O
mettraijamais;I-MISC
lyrannie;I-MISC
naissez;O
jusquoi;O
porterai;O
violence;O
soustrairai;O
domination;O
achevant;O
serra;O
durement;O
enselevant;O
vousepargneraiuneactionindigne;O
obeirai;O
souviendrez;O
seulement;O
scbene;O
Retirons;B-MISC
revienne;O
inutile;O
regarda15g8;O
seri;I-PER
rienl;O
dhumeur;O
Singulierenature;B-PER
vaniteet;O
coquetlerie;O
lemportaient;O
impressions;O
puissanles;O
pensait;I-MISC
songeait;O
conduite;O
futle;O
regrels;O
echange;O
MIl;B-PER
preoccupes;O
descendant1;I-MISC
laccon-;O
paga;B-PER
fire;O
indisposee;O
mavez;O
forcee;O
voussuivre;O
Maintenant;I-ORG
respecterez;O
noublierai;I-MISC
vientE;I-MISC
IINO;B-ORG
157;O
ticherai;O
loubliiez;O
saviez;O
combien;O
Mada-;O
mepargneriez;O
reproches;O
quitte;O
dapres;O
dedin;O
triomphant;O
presageait;O
Beupre;I-PER
saanca;O
rayonnant;O
tapprendre;O
sourit1538;I-PER
PiINON;B-MISC
ris;O
tristes;O
repte;I-MISC
reverrez;O
preparez;O
grandejoie;O
encorel;O
DR;I-MISC
0uVea;O
sais-;O
Remond;I-PER
Cour7;B-PER
apporte;O
lettres;O
mattre;O
accou-;O
ru;O
sest;B-PER
separation;I-MISC
continuer;O
clos;O
necoute;O
aulx;B-PER
beau-;O
rode;O
environs;O
regarder;O
verroux;O
revint;O
comtessei60;O
litteralement;O
quitta;O
faillit;O
je-;O
attendrir;O
eu-;O
lent;O
cl-;O
mer;O
rendit;O
pos;B-PER
lisait;O
repelait;O
passion-;O
eee;O
varre;O
redevint;O
lennemi;O
camp;O
chev-;I-MISC
lier;I-MISC
dArtagnan;I-PER
capitaine;O
compaguie;O
chevau;O
tente;O
Cavois;I-PER
parla;O
damesL;O
161;O
quelqu;O
nom-;O
promptement;O
chealier;O
Grignan;B-PER
Sait;I-PER
a-;O
Suns;B-MISC
mys-;O
-Etquest;O
ingt;O
honoree;O
bontes;O
degote;O
campagnards;O
Y0yee;O
avece;B-PER
cadeaux;O
menti;O
f-------L-162;O
k;O
cnATIA;O
esl;O
bonnes;O
devezle;O
quee;O
genlilhomme;O
sexe;O
aceuse;O
innocence;O
ae;O
delle7;O
fat;O
plair;O
epees;O
battons-;O
finisse;O
hattirent;O
t63;O
is;O
qulil;B-PER
letendit;O
baign6;B-MISC
Etcetait;B-PER
moeil;O
Iameth;B-PER
Hl;B-MISC
touut;I-MISC
qil;O
nexistait;O
lA;O
monseigneur;B-PER
profita;I-MISC
-Si;O
conlinua;O
dAlbet;I-PER
reve-;O
nouvelles;O
avit;O
leerire;O
ereyait;O
1I;O
desola;O
supplia;O
amis;O
slinformer;O
donnerdes;O
n0uelles;O
Onlui;O
assua;O
0e;O
epousiez;O
incessamment;O
lameth164;O
tE;O
remdes;O
deint;I-MISC
quete;B-LOC
rassura;O
fidelite;O
guerit;O
cacha;O
crtes;I-ORG
amanl;I-ORG
-Comment;O
Ecoutez;O
Lassee;B-LOC
despersecutions;O
etdu;O
ser-;O
ennemis;O
narrivait;O
crai-;O
gnaient;O
dementis;O
consentites;I-MISC
devintes;O
tarda;O
lapprendre;B-PER
Ver-;O
sailles;O
quiluien;O
Illui;B-MISC
assura;I-MISC
Bouillonge;I-PER
165;O
particulier;O
langues;O
exalta;O
perfidie;O
pela;O
volage;O
songea;O
vengeance;O
marechl;I-PER
lexecution;O
representa;O
laviez;O
Marie-Chalotte;B-PER
considration;O
mauriage;O
colesse;O
levya;O
bondissaut;O
coile;O
tigresse;O
--llest;O
ecria;O
oses;O
fache;O
0Us;O
assule;O
0h;O
affeuxl;O
Mlarie;B-PER
Uue;O
autre166;O
mourrai;O
chagrin;B-PER
mourrez;I-PER
consolerez;O
-Tu;O
Louisonf;B-ORG
console;O
excepte;O
vieillir;O
aflreusel;O
Elleest;B-LOC
-(Quant;O
parait;O
quoui;O
Romond;B-PER
supposait;O
redemander;O
quelr0le;O
joue;O
ignore;O
Iie;B-LOC
ave;O
dAlbert;I-PER
doneL;O
167;O
Icle;B-PER
etprie;O
trefois;O
mutuelle;O
souvient;O
catechisme;O
digne;O
plaisanterie;O
egayer;O
passons;O
Quarriera;B-LOC
main-;O
tenant;O
-Me;O
voirl;O
jamaisl;O
adame;O
emond;O
lassure;O
-Que;O
mimporte;O
puisquil;O
autre168;O
remarque;O
chaugement7;B-MISC
blessure;O
Recue;O
emment;O
hords;O
che;O
saisbien;O
-Lorsque;O
toutdabord;O
ilsestretourne;O
aapercu;O
dirai;O
jea;I-PER
reflechirai;O
reviendra;O
beau-pereet;O
instruits;O
sonarrivee;B-PER
emme-;O
nee;B-LOC
clairLIE;O
169;O
expliquees;O
vont;O
mepier;O
demarches;O
seront;O
interprelees;O
pou-;O
ir;O
mourrait;O
mourait;O
repliquala;O
Luajournee;B-PER
conversa-;O
leslongues;O
messager;O
amant;O
contes;O
parfois;O
soupirer;O
refusa;O
serir;O
loffice;O
Soyons;B-LOC
rentrant;O
sarrange;O
inquisition;O
som-170;O
CRATEAU;O
melier;O
chef;O
-Quel;O
aperct;O
monstre;O
pot;O
disa;O
divertir;O
nhesitera;O
lor;O
essaierons;I-MISC
Sais;O
medite;O
cache;O
vagues;O
Connaissent;B-PER
---Alors;O
attendons;O
Vers;O
jardi;O
suiie;B-PER
JLE;B-MISC
CAIEAU;I-MISC
171;O
sentinelle;O
observa;O
imperieusement;O
li;O
-M;B-MISC
daccompagner;O
MIaidame;B-MISC
dernire;O
craint;O
renouvelle;O
m0n;O
mallre;O
miens;O
retirez;O
sinclina;I-PER
hateau;O
fatal;O
--M;B-MISC
sexpliquera;O
Madame17;B-ORG
sommes;O
engages;O
innocemment;O
aimons;O
douleurs;O
esperance;O
princi-;I-MISC
vif;O
troubler;O
menages;O
jeler;O
deshonneur;O
illustres;O
pas-;O
sion;O
fournit;O
sophismes;O
lesquels;O
triompha;O
scrupules;O
poussa;O
dujour;O
mettant;O
173;O
mapportes;B-LOC
por-;O
fenetres;O
murailles;O
Sion;B-LOC
surprendre;O
-Tout;B-MISC
upprendrel;I-MISC
m;I-MISC
iivIr;I-MISC
IIIII;I-MISC
Lalettre;I-MISC
eitendue;O
eneare;O
desiree;O
cherchee;O
ctat;O
regrettee;O
queious;O
jef;O
Depuis;O
joursjai;B-PER
eprouve;O
foicessantsiepuisees;O
Pourquoidonc;B-LOC
mlavez-;O
PCLLLLLLLLLL176;B-PER
PION;O
trahi;O
nappuar-;O
tenaient;O
Tant;I-MISC
gte;O
failli;I-PER
risquer;O
reommee;O
jesuccombel;I-MISC
nauraispas;I-MISC
assistea;I-MISC
jeprouvai;O
pouvais;O
lavaitpas;O
repetee;O
douterais;O
etourdissement;O
marracha;O
consentement;O
projel;O
favori;O
jepousai;B-PER
Jeprouvai;I-PER
offense;O
donnais;I-MISC
"
  ";O
cetail;O
CHAHEAt;O
DlE;O
17;O
iuine;O
consolation;O
soulagement;O
ceurVous;O
maviez;O
oublie-;O
aurais;O
lapparence;O
pourrais;O
ime;O
culte;O
adoration;O
don;O
deiezlignorer;O
eus;O
devorait;O
horreur;I-MISC
voulus;O
rage;O
rapprocher;O
consentit;O
maccompagner;O
quittames;O
vlnmes;O
miire;O
cotree;O
tifiee;O
refuset;O
minute178;B-LOC
LB;I-MISC
b;O
voie;O
ensupplie;I-MISC
Sivous;B-MISC
maimiezencore;O
riennenous;O
separerait;O
Jahandnnerais;B-LOC
ambition;O
ot;O
tenez;O
mainsma;O
deslinee;O
j-;O
devoue;O
es-;O
"

 ";O
clave;O
trhi;O
pourtantl;O
Jattends;B-PER
Ayez;B-LOC
Amanieux;I-PER
dAnnrre;I-PER
-Comme;O
maime;O
mel;O
strel;O
-e;O
vir;O
Cher;B-PER
jiLE;B-PER
PINO;B-LOC
179;O
trompee;O
infmie;O
Mavoir;B-MISC
annoncee;I-MISC
maoir;O
aulre;O
hymen;O
loubli;O
douleursl;O
gu;O
pardounerai;I-MISC
exprime;O
fis;O
bourreauxs;B-PER
pose;O
mSue;B-MISC
Yisage;B-LOC
ame;O
---Madame;O
--Quai;O
ler;O
colerel;O
supporterai;O
vengee;O
--Et;O
ere;O
mei;O
loute;O
Iris;B-PER
voirf;O
-Eh;O
Tant1S80;O
CHATAC;B-MISC
capables;O
-Convenez;O
nauront;O
Cherche;O
officielle-;O
guise;O
cachera;O
aviserons;O
oyen;O
fiantl;O
epier;O
-Ohl;O
absolumenl;O
--Eh;B-LOC
quimportel;O
enLE;I-PER
181;O
sils;O
surpren-;O
jetterai;O
vengerai;O
surement;O
Ahl;O
trompeel;O
joues;O
chire;O
pleurer;O
mariait;O
autrel;O
paieront;O
pensent;O
quoif;O
souffrira-;O
mefasse;O
--Cest;O
loux;O
rassurerai;O
iussy;O
forcera;O
--Etlequelf;O
sepuuation;I-MISC
mieus;I-MISC
-Cenest;O
ette;O
toult182;B-MISC
LLCHATEAU;I-MISC
-(Quoil;O
noseiont;O
protege;O
sevrement;O
loubliait;O
savent;O
Nimporte;B-MISC
parec;O
prs;O
Apporte;I-PER
mante;O
parasol;O
obeit;O
sansrepondre;O
connaissait;O
versatilite;O
quilaguidait;O
Lespoir;B-LOC
conduisait;O
Aussit0;B-MISC
indifferemment;O
nayant;O
LouisonLE;O
PrNo;I-MISC
183;O
-Certes;O
espionnage;O
oules;O
forcer;O
fairelaveu;O
fdest;O
insupportable;O
irchit;O
lti;O
sissez;O
but;O
promenade;O
Jki;B-PER
marquer;O
allee;O
coupe;O
iet6;B-PER
madaime;O
coftesse;O
dins;O
iun;B-ORG
iutre;O
--Cesth;O
jy;O
mtre;O
Ehiol;B-MISC
j;I-MISC
oiis;I-MISC
dhteii;O
aiupres;O
-eestY;O
c6mnte;O
iii;O
tOmptes;B-MISC
jeles;I-MISC
Ii;B-PER
refidrai;O
imoi;O
com-18-;O
ChHAITEAU;B-MISC
supposef;O
Iadame;O
dautorite;O
devais;O
agir;O
Japercois;B-LOC
toit;O
milles;O
leger;O
delles;O
cecif;O
sanglier;O
sautent;O
tom-;O
bees;O
onnous;O
suit;O
louvrage;O
biche;O
courut;O
direction;O
mattrapera;O
eclatsL;O
CIHATEAI;B-MISC
-185;O
completement;O
traice;O
riviere;O
endroit;O
trouyait;O
saule;O
branches;O
haient;O
leau;O
baignaient;O
arreta;O
lutre;O
cbte;O
fixes;O
su;O
elin;O
deil;I-MISC
ilfut;O
-Veille;O
s0upconne;O
-IIenriettel;O
baisat;O
sesmains;O
-Les;O
moments;O
precieux;O
recherche;O
genie;O
inspire;O
trouer;O
venue;O
maimez;O
-Plus;O
trahi188;B-PER
eoi;O
tenu;O
votls;O
unie;I-MISC
iussi;I-PER
jetee;O
voultis;O
demeurer;O
persecutee;O
monl;O
dennuis;O
tourments;O
celi;B-PER
forces;O
eede;O
--Oh;O
jaurais;B-MISC
resisle;O
depit;O
sivous;O
ns;O
ennetis;O
M6n;O
ari;O
craindri;O
CHIATEAL;B-ORG
187;O
-Et;O
indiff9-;O
rence;O
reussirai;O
Partez;B-PER
hieii;O
bruyamment;O
Emmenez;B-LOC
enparle;O
sen-;O
dormiront;O
moitie;I-MISC
anneau;O
dalliance;O
lors-;O
qonvous;O
portera;O
bague;O
confiance;O
iendrez;O
hruit;O
Cachez;B-LOC
Yers;B-PER
quinconce;O
cotesse;O
maimerez;O
lui188;B-MISC
1P1NON;O
envoyant;O
dirigeant;O
jambes;O
asseoir;O
remettre;O
saluant;O
soupconneuxs;O
pri-;O
sonniere;B-LOC
nean-;O
10ins;O
criminel;O
-Oui;O
egule-;O
inent;O
devotre;O
indisposition;O
ais;O
ecevoir;O
189;O
cMtes;B-MISC
parlerent;O
irajet;O
negligemment;O
sonEminencelaccompagneront;B-LOC
puis-;O
desirez;O
ltre;O
pavot;O
dail-;O
mettent;O
doh;O
lre;O
visitent;O
campagnef;O
Nomme;B-LOC
messieurs190;B-MISC
r;O
cA2A;I-MISC
INoy;I-MISC
conissons;O
humeur;O
dhier;O
dure;O
parlons;I-MISC
persifflage;O
pouait;O
aouer;O
elaire-;O
appris;O
colbere;O
laissaau;O
dege;O
dirigea;O
Mainlenant;B-PER
defie;O
Jauraide;B-PER
patiencejusquh;O
occasion;O
jouer;O
fores;O
necrira;O
reflechi;O
officielle;O
tireraient;O
avantage;O
AA;B-MISC
p;O
PImNo;I-MISC
191;O
Emi-;O
nenCe;O
gst;O
1e-;O
eque;O
Corey;I-PER
MlI;B-ORG
anele;O
Ps;B-MISC
dautresf;I-MISC
chapelain;O
konseigneur;O
vi-;O
sge;B-MISC
grave;O
contraste;O
frappant;O
lagalte;O
repandue;O
venons;O
saoir;O
nouelles;O
ll-;O
lme;O
deranger;O
etions;O
inquiets;O
madamelacomg;O
coninua;O
lieutenunt;O
criminel192;B-MISC
DI;B-ORG
sotte;O
guerie;O
voili;O
-Prenez;O
sagesse;O
sage;O
lavoir;O
manquee;I-PER
lespoir;O
naturelle-;O
devenus;O
Monsei-;B-ORG
partent;O
retournent;O
conge;O
expire;O
regarderentE;O
193;O
lEglise;B-MISC
quet;O
roses;O
jolies;O
finement;O
promenais;O
das;O
toure;O
rosiers;B-PER
forme;O
bouquet;O
lintention;O
loffrir;O
hle;O
tomprendre;O
194;O
laccepte;O
ferons;O
oeillets;O
attacher;O
abandonne;O
remplacerai;O
avantageusement;O
mantes;O
0ses;O
bouquets;O
acceptes;O
sent;O
pourriez;O
jalousc;O
avet;O
plues;O
viendrez;O
Puisque;O
fuire;O
hon-;O
neur;O
-lNousnousamuseronsbeauc0up;O
irosF;I-MISC
CHTIEAU;I-MISC
195;O
cueillerons;O
emue;O
seru;O
Messieursf;B-MISC
balbutierent;O
invitation;O
apergut;O
tcauseries;O
mappren-;O
drez;O
detlails;O
habits;O
Quoique;O
ayent;O
nignore;O
simalinesl;O
laccabla;O
damabilite;O
len-;O
ggea;O
dil;O
netais;O
ieux;O
pretre;O
paraitrais;O
duisante;O
196;O
Ds;O
PINOa;O
tranquilliser;O
suivitson;O
retrouverent;O
physio-;O
nomie;O
deuxhommes;O
conservait;O
sombre;O
dontrienne;O
lesfaire;O
departir;O
feignit;O
aez;O
rejouit;O
infiniment;O
faireles;O
chiteau;O
VWous;B-MISC
repele;O
esclae;O
raisonnableLE;O
DK;O
t97;O
vieil;O
distractions;O
liaison;O
voi-;O
sinsl;O
Quelques;O
secoulerent;O
changea;O
tinuasa;O
dissipee;O
sinquieter;O
lhumeur;I-MISC
apparente;O
virons;O
visita;O
accompagnee;O
sesgens;O
lesquelsJoguet;O
promenades;O
espion-;I-MISC
nees;B-PER
securite;O
longues;O
pne-;O
risquait;O
puas;O
tendu;O
Lh;O
avoua;O
regu;O
confidences;O
198;O
peines;O
vraimenl;O
interessante;O
purl;O
baisait;I-MISC
illets;O
jelui;O
leuir;O
couvrait;O
3Jai;O
enfermees;O
cassette;O
-Oh;O
aidefendu;O
soupgons;O
sendormiront;O
parleronsbeaucoup;O
Etjy;B-PER
penserai;O
davanlage;O
semiaines;O
gagna;O
grdes;O
MY;B-ORG
Lirfeth;I-ORG
virelLE;O
190;O
lengagrent;O
conduire;O
Eles;B-MISC
monterent;O
voilure;O
Pichard;B-PER
lecuyer;O
leternel;B-PER
logis;O
MMl;B-PER
permettrez;O
lavouer;O
eontre;O
proces;O
trbs;O
injuste;O
ruines;O
revus;O
traitent;O
favorablement;O
Syrene;B-PER
resister;O
promettez200;B-MISC
promets;O
leronsI;O
IIII;O
IBIIIIIl;O
Six;O
dadresse;O
Quoiquil;O
cotat;O
necrivit;O
gut;O
sinformer;O
fruit;O
travaux;O
regar-202;B-MISC
cgarer;O
ol;O
appelle;O
proces-;O
sifs;O
ver-;O
r0ns;O
commen-;O
cement;O
tranquilles;O
delivres;O
eclaire;O
commanda;O
veiller;O
comple;O
incident;O
recevant;O
voisihs;O
proehes;O
luir;O
preoecupe;O
elleLIE;O
Jusqua;O
203;O
-Nous;O
espion;O
mons-;O
ti1;O
causais;O
alheure;O
recommande;I-MISC
madume;B-PER
Lambert;B-PER
drole;O
eveille;O
riions;O
lavions;O
suivis;O
navons;O
semblant;I-MISC
fachee;O
Cucy;B-MISC
decouvre2;O
20;O
CHATEA;B-MISC
lor-;O
tromperons;O
prevenu;O
envoye;O
moiti6;B-ORG
Deshamps;B-ORG
muet;O
lieuteuant;O
crimi-;O
mouche;O
deteste;O
cor-;O
dialement;O
MIM;B-MISC
protegera;O
O;B-MISC
maruisf;I-MISC
uel;O
achete;O
cherlI;B-MISC
205;O
adroit;O
puissants;O
maltresl;O
accompagner;O
etonne-;O
dobservations;O
accueillirentla;O
comtessebrasouvertsIlsetaient;O
recevaient;O
negligbrent;O
ft;O
Avez;O
amies;O
heu-;O
ilremercie;O
terre206;B-MISC
cHATA;O
indique;O
lEcu;B-MISC
voyageur;O
enecore;O
paru;O
Ilaura;B-LOC
deguises;O
forains;O
quidams;O
sapprochant;O
connaitrais;O
entrera;O
vallee;O
nii;O
surpris;O
Quil;B-LOC
eleganceLE;O
207;O
sousdes;O
vetements;O
grossiers;O
pus;O
Lu;B-PER
envoya;O
creature;O
malice;O
curiosite;O
ta;O
laubergiste;O
hommes;O
arrivestoutalheureetaientdans;O
leurschambres;O
montee;O
remis;I-MISC
1-il;O
Lautre;O
habil-;O
revenue;I-MISC
ecu;O
poche208;B-MISC
Ls;O
cri-;O
minel;O
intelligence;O
metonne;O
deenu;O
prudent;O
perdrel;O
unis;O
quia;O
imagine;O
naurais;I-MISC
Battu;B-LOC
minsultait;O
genereuxl;O
visiter;O
Bien;O
descendirent;O
209;O
remparts;O
lenceinte;O
vuel;O
e0mtesse;O
demantele;O
reduit;O
Fronde;B-LOC
Mazarin;I-PER
confusement;O
fnce;O
maintes;O
riIV;B-LOC
annee;O
demeure;O
ruinee;O
A62;B-MISC
dEtrees;B-MISC
Savez;O
donnez;O
forteressef;O
Vos;I-LOC
fosses210;B-PER
CHAfEA;O
ferment;O
fosses;O
secroulent;O
donjon;O
immua-;O
Providence;B-LOC
durera;O
souvenirsf;O
monar-;O
chie;O
siecles;O
Enguerrand;B-PER
VII;I-PER
1597;O
Ilny;B-PER
colla-;O
terales;O
entees;O
lemule;O
royales;O
btard;O
uin;O
eteint;O
eleve;O
principautes;O
admirablelILE;B-ORG
211;O
--Maintenant;O
appartenons;O
marquisat;O
Cueur-de-Roy;B-LOC
magistrat;O
princef;O
gbre;O
concert;O
Me;B-MISC
mainte-;O
nant;O
lgislation;O
pos-;O
sible;O
pourrez;O
jouir;O
spec-;O
tale;O
magique;O
leffet;O
paysage;I-MISC
rui-;O
eclaires;O
astre;O
charmee;O
chteauf;O
remettrai;O
clef;O
tette;O
longuel;O
succde2t2;O
laltente;O
secoule;O
lisolement;O
souve-;O
nirs;O
ressemble;O
malheureusel;O
penible;O
distraction;O
Egoistel;O
-Las;I-MISC
1Ecu;O
carreaux;O
inquiet;O
lapercevoir;O
Ouvre;I-PER
puislui;O
refuserai;O
incroyable;I-MISC
mi-;O
sale;O
lesLr;I-MISC
CnAEAU;I-MISC
215;I-MISC
fixerent;O
contem-;I-MISC
pler;I-MISC
damour;O
appartiendrait;O
deviendrai;O
foul;O
-Savez;O
-Elle;O
causant;O
-Allons;O
arrange;O
parrain;O
galanteries;O
encore214;O
CHATgA;B-MISC
PIoN;I-MISC
ou-;O
blie;O
MIarie;B-MISC
Jourdieu;I-MISC
safiancee;O
enge;O
excitant;O
-Voila;O
visse;O
leloigner;O
soumissions;O
passees;O
2(5;O
unt;O
ladorant;O
proprel;O
Ilonsieur;B-PER
union;O
vis--;O
vis;O
secret;O
lamentait;O
isolement;O
va-;O
double;O
coutume;O
marquisf;I-MISC
sure;O
-Tche;O
distraite;O
enlendre;O
du216;B-ORG
CHAEBAU;B-ORG
lieutenanl;O
epargnait;O
souffrante;O
repondail;O
-Un;O
reti-;O
rerai;O
chezvous;O
-Dailleurs;O
onele;O
rentre;O
faitnuit;O
veiler;O
NousdemeureronstouteslesdeuxVousprendre;B-LOC
Lanuit;B-ORG
coucherent;O
embuscade;O
conduisit;I-MISC
lattendail;O
lapercevant;O
courit;O
baisers8;O
-Mon;O
--Charlesl;O
217;O
discrete;O
confidente;O
mentf;O
amil;O
-Jai;O
mentil;O
difficilef;O
coute;O
-Chere;O
lenriettel;O
minaudant;O
-Mais;O
liguore;O
spaf218;B-MISC
CAAU;I-MISC
suffit;O
-Est;O
Carmelitesf;B-ORG
importel;I-MISC
raisonnable;O
froide;O
froidel;O
Devinez;O
nose;O
setrai;O
hardi;O
direIE;O
219;I-MISC
Taisez;O
cherchez;O
boucle;O
anneauf;O
meraire;O
Ilfaut;O
llile;I-MISC
qulamoureux;O
demandez;I-MISC
iel;O
regardez;I-PER
--Votre;O
portraitl;O
quittera;O
vie220;B-MISC
beaut;B-LOC
Etes;O
contentf;O
merci;O
mercil;O
alternativement;I-MISC
portrait;O
mai;O
Quon;O
jeunel;O
lamourl;O
Voye;B-MISC
nature;O
meblouit;O
pession;O
devore;O
brle;O
jeprouve;B-PER
cesl;O
ames;O
difie-;O
rentes;O
po;O
hol;I-MISC
221;O
coeur;O
poetique;O
divinisait;O
lexaltation;O
Soncaracterenoble;B-PER
lerendait;O
suscep-;O
tibledes;O
actionsles;O
genereuses;O
facultes;O
sesvingt;O
cinq;O
besoins;O
tilpas;O
posseder;O
ments;O
divresse;O
brasi;O
opposee;O
peslombre;O
poesie;O
daffection;O
Elleaimait;B-MISC
lamour-;O
satisfait;O
choix;O
0tant;O
vengeanee;O
dt;O
position22;O
CHATEUA;B-MISC
repousse;I-MISC
Lesprit;B-LOC
humain;O
inconsequent;O
sexposait;O
sorle;O
bravade;O
romanesque;O
labandonnait;O
trouverail;O
dedommagement;O
celebre;O
letait;O
souriait;O
chait;O
guidee;O
fantaisieel;O
oftense;O
nap-;O
elements;O
bie;O
comparaison;O
suits;O
developpera;O
nuances;O
ca-;O
ractere;O
historique;O
reprocherais;O
dajouter;O
tril;O
quelconque;O
heureils;O
sanssen;O
CATEAI;B-ORG
223;O
tdre;O
deprticulier;O
comprend;O
lentoure;O
lumibere;O
aveu-;O
gle;O
linspire;O
voyons;O
it;O
riait;O
melancoliqne;O
foltre;O
jaimerais;O
aet;O
ellesme;O
rappellentl;O
ltilaclef;O
indre;I-MISC
surprendra;O
cetteheure;O
Minit;B-PER
sonna;O
Marchons;B-PER
ttre;O
224;O
penetrerent;O
enceinte;O
redoutee;O
avaitresiste;O
maltres;O
troublait;O
marchaient;O
sappuyant;O
Henuriette;B-PER
dansces;O
respectes;O
murmurerent;O
presquea;O
insu;O
entrerent;O
fresque;O
conservees;O
-Ici;O
passade;O
Gabrielle;B-PER
resterel;O
ensembleplusieurs;O
cettepiece;O
sare-;O
traitefavorite;O
Iciils;B-PER
aimes;O
grnl;I-MISC
catholique;O
reconnlLR;O
CHA1TEAU;B-MISC
225;O
legitime;O
obtint;O
deporter;O
dheritier;O
mile;O
loublie;O
chAteau;B-MISC
propriete;O
fmille;O
IHenri;B-PER
naurai;O
al-;O
liance;O
couronnee;O
malheu-;O
fese;B-PER
craignez;O
menace;O
gardberent;O
pointu;O
Oui26;B-MISC
Fayel;B-LOC
histoirel;O
rap-;O
pelez;O
vecut;O
faul;O
legende;O
cefestinaffreux;O
queussiez;O
Vergy;I-PER
taisez;O
ignorezle;O
prediction;O
sortira;O
plul0;I-MISC
la(Ga-;I-MISC
brielle;I-MISC
deFrance;B-MISC
CHTATEAU;I-LOC
227;O
enviable;O
dHenri;B-MISC
oubliezl;O
--Icielle;O
commandait;O
campagnes;O
remplies;O
reglaient;O
puissant;O
mettrais;O
letes;O
-Comment%;B-PER
Hlenri;B-PER
marracheriez;O
quitterions;O
HelasI;B-MISC
nuage;O
setendit;O
anants;O
ine-;I-MISC
vitable;I-MISC
devail;O
prophelie;O
et228;B-LOC
CnATEAU;B-MISC
Bohemiens;B-LOC
Plt;B-MISC
eusse;I-PER
autantl;O
Bohemienne;I-MISC
rencontree;I-PER
repeterai;O
Tachez;B-LOC
sonl;O
menteries;O
entende;I-MISC
couvrir;O
nuages;O
vent;O
dedaigne;O
quaujour-;I-MISC
dhui---;O
229;O
Dedaigne;B-PER
Charlesf;I-PER
respecte;O
ingrats;O
I1I;B-ORG
1IHIIIII0I;O
seveilla;O
pluie;O
tombait;O
torrents;O
distinguait;O
ers;O
brume;O
epaisse;O
Voila;B-PER
aujourdhui232;B-LOC
hotesse;O
nousne;O
preferiez;O
sarrangera;O
saluer;O
nentendrez;O
cse;O
onle;O
songera;O
viez;O
intraitable;O
moiLKE;B-PER
23s;O
regut;O
lieutenant-;O
trevue;O
emes;O
visitiez;O
Nos;B-MISC
adieux;I-MISC
feront;O
puissions;O
reunir;O
Cerberes;B-ORG
endormis;O
cider;O
ne234;B-PER
refusera;O
li-;B-LOC
bres;O
tque;O
compromette;O
espio;O
lecar-;O
marchand;O
prendront;O
Jobeis;O
bonheui;O
partit;O
rivee;O
priere;O
denvoyer;O
Saint-Quentin;B-LOC
traiter;O
pou;O
avocat;O
volontes;O
soustraire;O
cele;O
singuliere;O
partt;O
ecarte;O
troduit;O
moitieE;O
CHIATA;O
235;O
confidence;O
vingt-quatre;O
avertissements;O
sly;I-MISC
oublies;O
second;I-MISC
sespoir;O
Aimez;O
seloigna;O
apparu;O
habitant;O
PauvreCharles;B-LOC
oguet;B-PER
surlendemain;O
rappora;O
commissions236;B-MISC
IINON;B-ORG
mnaitre;O
confie;O
puartant;O
exactitude;O
parfaite;O
tempsl;O
jaille;O
Villers-Cotterets;B-LOC
menten-;O
forestier;O
achats;O
eloigne;O
mhanquerai;O
efflet;O
annoncait;O
retourLE;O
237;O
mensonges;I-MISC
verras;O
fusera;O
IM;B-ORG
caresses;O
dres;O
expressement;O
priee;O
homne;O
pete;O
labordant238LE;O
tousl;O
Lorgueil;B-PER
chezcette;O
dominait;O
honte;O
remordsl;I-PER
fronca;O
sourcil;O
lorsuil;O
entourer;O
decider;O
agaceries;O
employa;O
egard;O
long;O
fussent;O
sortis;O
Cet;O
importance;O
reunis;O
senfermerent;O
linjonction;O
expresse;O
pene;O
239;O
c0mtesse;B-ORG
sentourent;O
aiti;O
bavar-;O
dage;O
soupcon;O
preuves;O
aimera;O
explication;O
Coiffe;B-PER
avertir;O
dejeuner;O
attenduaient;O
manger240E;O
nont;O
froce;I-PER
mattendent;O
Tranquil-;B-PER
lise;O
manire;O
stait;O
disposi-;O
placerent;O
souffrantf;O
maniberes;O
derider;O
subit;O
epidemie;O
-En;O
eflfet;O
douta;O
eussent;O
appIris;B-LOC
plusE;O
241;O
assaut;O
soutenir;O
prepara;O
entetement;O
conse-;I-MISC
quence;I-MISC
masque;O
dinnocence;O
impe-;O
netrable;O
sesjuges;O
manger;O
cabinet;O
dordinaire;O
suivi-;O
ouvrage;O
promenaient;O
visible-;O
embarrasses;O
doi;O
solennite;O
tte;O
mains242;B-MISC
sangloler;O
murmurant;O
dechirante;O
sattendait;O
explo-;O
sensibilite;O
restai;O
infame;O
balbulia;O
abuse;O
nuait;O
marcher;O
farouches;O
belle-fille;O
grand-peine;O
vivemenl;O
Ila;B-PER
fallu;O
irrecusable;O
quejy;O
sepr-;O
lunt;O
douterE;O
243;O
ine;O
nide;O
compromettre;O
respectable;O
ivez;I-MISC
introduit;I-MISC
defiaient;O
admis;O
complice;O
effronterie;O
exemple;O
ahuit;O
laurais;O
Osez;B-PER
nier;O
osez;I-MISC
loserai;O
calom-;O
nies;O
quest;O
dissimulation;O
inexcusable;O
uez;O
legre;O
inconsequente;O
refle-24;O
CRATLEAL;B-ORG
chir;O
cede;O
ancien;O
leloigne-;O
jugerez;O
venable;O
mentez;O
mettez;O
Jenedemande;O
coupable;I-MISC
specta-;O
teur;O
scne;O
lavuis;O
cetlte;O
maccuse;O
denlendre;O
quels;O
moposer;O
vienne;B-LOC
cap-;O
hardiesse;O
faireLE;O
245;O
montrez;O
mnoi;O
Imon;B-PER
accusateur;O
lappeler;O
-Joguet;O
confronter;O
s0ngez;O
manquez;O
exposer;O
rougir;O
lintendant;O
chs-;O
homine;O
calomier;O
Henrietle;B-PER
franche;O
pls26;B-ORG
CHA1TLAU;I-ORG
repentir;O
souviendrai;O
rappellerai;O
Eneore;B-PER
succombe;O
chassez;O
indigne;O
serviteur;O
sors;O
choisissez;O
fitun;O
ouvrirla;B-PER
plaea;O
Cen;O
souffir;O
souffrirai;O
shumilie;O
vil;O
commander;O
travers;O
prisme;O
savezpas;O
legoisme;O
prefere;O
ellena;O
cetteexcusel;O
MonsieurlLE;B-MISC
247;O
apprendrai;O
connattre;O
peul;O
gue-;O
rirez;O
accueilli;O
dicte;O
estrestee;O
devoirs;O
plusgrand;O
cetteprovince;O
reparu;O
davoir;O
parnous;O
luiainspire;O
trompesa;O
mode;O
riendans;O
c0nnais;O
sonentfunce;O
eussiez;I-MISC
----2(8;O
dents;O
serrees;O
fureur;O
so;O
minsulle;O
grcel;O
-Vousvoulezquitter;O
portez;O
deshonoriez;O
lexpulsion;O
domes-;O
tiques;O
laccordehl;O
conditions;O
implore;O
nae;O
meritee;O
humilier;O
avouer;O
tcoupable;O
cbnsentirez;O
expier;O
faute;O
ducomte;O
renverrez;O
Beau-LE;I-MISC
CHA1LAU;I-MISC
249;O
intrigues;O
adulteres;O
accepterez;O
designerons;O
abdiquerez;O
Reine;B-PER
posee;O
redeviendrez;O
auriez;I-MISC
soumlse;O
admire;O
proposez;O
simplement;O
deme;O
himble;O
servante;O
cie;O
entire;I-MISC
Jaime;B-PER
dhlbret;O
jenai;O
Sil;B-MISC
convenable;O
serais;O
tcar;O
Puisquil;B-LOC
meregarde;O
p0int;O
degagee;O
serments;O
eners250;B-LOC
C1IAIEAU;O
volontaires;O
rendus;O
annulent;O
arraches;O
Jenai;B-LOC
negligerai;O
occasions;O
ierai;O
quoi-;O
incapable;O
lhnous;I-MISC
oserezencore;I-MISC
ner;O
lom-;O
cacherai;O
declarerai;O
-Taisez;O
poussez;O
--Mon;B-ORG
dAlbretl;B-MISC
-Ne;O
tuez;O
ftils;O
aLIL;O
251;O
publiez;O
cherchant;O
combat;O
leffacerait;O
--Aimez;O
--Helas;I-MISC
enfantl;O
retire;O
Messieurs;B-PER
er;O
epanchements;O
tendres;O
paquets;O
narrive;O
tcomme;O
dur;O
llacier;O
tra-252;O
CHAITEAUD;B-MISC
hir;O
chasserai;O
vo;O
contraindrai;O
moheir;O
placce;O
reguards;O
serezaux;O
meconnu;I-MISC
appren-;O
devoilons;O
apprecie;O
mepri-;O
-Etje;O
Fort;B-LOC
scenes;O
soOne;B-MISC
soumettrai;O
premiereLE;O
DS;I-MISC
253;O
avertis;I-MISC
fortsne;O
eonduiront;O
mordsl;O
remords;O
delinnocence;O
franchement;O
dfend;O
menlever;I-MISC
mette;O
obeissance;O
Autrement;O
jemploierai;O
Surveillee;B-PER
politi-;O
recerai;O
enfermee;O
restera;O
faudra25;O
user;O
len;I-MISC
arracher;O
Trouvez-;B-LOC
--Je;B-ORG
chercherai;O
mechapper;O
jaimerai;O
jappartiensi;O
fassiei;O
viincra;O
selana;O
serranta;O
meurtrir;O
sourcilla;O
vousne;O
etsi;O
garantis;O
entendez-;I-MISC
fleehiLE;O
255;O
artifices;O
seduiront;O
repond;O
eur;O
souvenez;I-MISC
parve-;O
niez;O
surveillance;O
faisiez;O
dontnouseussions;O
fien;B-PER
nareterait;I-PER
reculerais;O
assassinat;O
defendez;O
fixement;O
fepondre;O
lbien;O
Craignezpour;B-MISC
frein;O
arreter;O
---Je;O
tire;O
malheureuxl256;B-PER
parviendrez;O
pluslaimer;O
declaree;O
troublee;O
suppose;O
tranquillement;O
lois;O
bourreaux;O
victime;O
allat;O
seraisjete;O
perduelIIIIIIII;B-LOC
rogatoire;O
intimider;O
testa;O
quela;B-PER
comtessenavait;O
vuM;O
dassurance;O
rapport;O
linten-;O
serieusemeni;B-PER
trompes258;B-MISC
maladel;O
renvoya;I-MISC
morale;O
severes;O
terribles;O
ecouta;O
respectueusement;O
reponditde;O
devoment;O
strveiller;O
gards;O
Rentree;B-LOC
raconta;O
eller-;O
cherent;O
phair;O
avaienl;I-MISC
aerltis;O
Joget;B-PER
absent;O
Istit;B-MISC
iei;O
Couey;I-MISC
Cotrey;I-PER
ignorent;O
toulty;O
CciAu;B-MISC
pE;O
ioN;O
2o;O
--=;O
dometique;I-MISC
espiotiiie;I-MISC
lequelf;I-PER
Miadame;B-PER
marraine;O
liui;O
detoue;O
repondant;O
tomime;O
TAche;B-MISC
tde;O
qiestiohher;O
Ceci;O
suspect;O
dahs;O
eon-;O
fidene;O
posslble;O
aurons;O
confier;O
tehnir;O
charte;O
privee;O
-=Heureusemient;O
restel;O
4260;O
CHATRAU;B-ORG
pigeons;O
emportes;O
serviront;O
messagers;O
Combien;B-LOC
tuf;O
Quatre;O
merveilleusement;O
plumes;O
lencre;O
tablettes;I-MISC
auxquelles;O
lengager;O
hvenir;O
aidera;O
Mets;B-PER
fantaisie;O
pi-;O
geonsl;O
lombier;O
voye;O
colombier;O
voliere;O
261;O
quelqulun;O
-ces;O
oi-;O
seax;B-LOC
nentrent;O
saperce-;O
vront;O
mieuxl;B-ORG
cou;O
tarde-;O
0ns;O
reussi;O
CL---202;B-PER
Ag;O
ug;O
PIo;B-MISC
uison;I-MISC
uvrit;I-MISC
fente;O
gt;O
ien;O
vola;O
amelh;O
siit;O
yeus;O
idissret;O
ayait;O
aperg;O
idicouies;O
sn;B-PER
aeir;I-PER
roiets;O
pedit;O
hientl;O
lss;B-MISC
an;O
daile;O
dnle;O
distia;O
hommdat;O
estu;O
ure;O
e9l;O
DeuI9S;B-MISC
9irhui;I-MISC
-Ie;O
pae9;O
urlete;O
0Mg;O
aenture;O
Ienaimepsbeuu;O
Rmen;O
nn;O
interesse;O
Ae;B-LOC
delargenut;O
nerait;O
dumnde;O
HIeuteusemt;O
Alhret;B-MISC
paye;O
c-;O
Nnsie;B-LOC
kemarguiest;B-MISC
geneI;I-MISC
-Quallons;O
nytfaie;O
pauae;O
Iguison;B-MISC
Adis;B-PER
felg;O
ls;O
h98;B-MISC
gileltes;O
CIATBAU;B-MISC
363;O
ilh;O
cetlg;O
eniermes;O
nas;O
manque;O
Ou;O
occuperl;O
lajournee;O
unique;O
pont-levis;O
travaillerons;O
lirons;O
-Quoi%le;O
missel;O
Chapelainf;B-ORG
demanderons;O
clefde;O
biblioth-;O
donnera;O
Crois;B-LOC
laissera;O
promener264;B-ORG
probable-;O
hais;O
Joguetl;B-PER
jeluijouerai;O
Attendons;O
libres;O
Trois;O
luidirent;O
etant;O
particulibre;O
Jairecu;B-PER
errait;O
olire;O
couru;O
cur;O
venais;O
message;O
frappee;O
sur-le-chanip;O
interrogerait;O
Lamberl;B-ORG
CHAILAU;O
265s;O
tcher;O
dapprendre;O
trattre-;O
-Quant;O
soupgcon;O
lattention;O
resultat;O
accusa;O
ecuyer;O
sous-euvre;O
Lamethse;I-PER
eloi-;O
luiaccorderait;O
laplus;O
promettantde;O
dapporler;O
lencere;O
prisonnieres;O
chateau266;B-ORG
ILL;I-ORG
CHA1Uh;I-ORG
ION;I-ORG
IIeniette;B-MISC
pomener;O
empeehee;O
apercuequelle;O
suivie;O
orsquellefut;O
desendit;O
qijlidit;O
tresrespeetueusementquil;O
llagsompagner;O
sertir;O
Camme;O
vaudra;O
prejet;O
menfuir;O
dames-;O
tis;O
sns;O
paler;O
plaindre;O
loge;O
grossissait;O
reyal-;O
esclaage;O
ja;O
terme;O
Lentreprise;B-PER
argus;O
uue;O
tranquillite;O
sau-;O
servirait;O
ehee;O
mins;O
eomte;O
&;I-ORG
fasile;O
gagpen;O
ejus;O
aps;O
carrese;O
leque;B-PER
deL;I-PER
AAU;B-PER
yo;I-PER
62;O
etra;O
dasa;O
our;O
fil;I-MISC
pit;I-MISC
appeles;I-MISC
gomtesse;O
comnrit;O
qon;O
lisserait;O
rgei;O
esnne;O
resigna;O
deCorc;O
oonfiance;O
N;B-ORG
eceptee;O
et(e;O
loi;O
partut;I-MISC
mas;O
ldie;O
E]]e;O
fiel;O
pls;O
spn;O
lg;O
permeltit;O
lentree;O
ateent;O
pre+;B-MISC
sgg;O
Ig;B-LOC
refsa;O
ahsolument;O
isites;O
2;O
descendrait;O
paur;O
gs;O
prisaniere;O
somettre;O
ijel;O
mn;O
gelier;O
mlheureux;O
jeunehomme;O
depluen;O
Aureu;B-LOC
dperissait;O
jor;O
sacgoulumail;O
separatin268;O
perene;O
formellement;O
rendu;O
enlevee;O
questl;O
haissait;O
surveillait;O
acharnement;O
decouvrait;O
indice;O
mencait;O
desesperer;O
soumet;O
repre-;O
hensibles;O
rancune;O
asse;O
Patiencel;O
trompes;O
habile;O
entire-;O
exercait;O
influence;O
accoutume;O
lentfance;O
iLE;O
269;O
ten-;I-MISC
dresse;I-MISC
rudesse;O
chance;O
larevolte;O
souffrait;O
horriblement;O
ternelle;O
compensation;O
aban-;O
puissante;O
egoisme;O
epuise;O
temporisation;O
secouer;O
joug;O
sulta;O
deciderent;O
fuite;O
pigeon;O
appel;O
commandee;O
Schomberg;O
i5;O
----70;O
ri;O
ckaA;B-MISC
IioN;I-MISC
bes0ih;I-MISC
permissioi;I-MISC
cofiiment;O
entrera-;O
niuiit;O
petlile;O
fenetie;O
ea-;O
inet;O
ail;O
gill4e;B-MISC
seuleiient;O
traferse;O
f6sse;O
nage;O
siison;O
eest;O
clle;O
dailleitrs;O
degrade;O
deis;O
fnelre;O
fosse;O
large;O
nouispolit-;O
ions;O
lii;O
plinche;O
sureilleel;O
observe;O
despion;O
Aucunes;B-LOC
fene-;O
n0tres;O
evitantle;O
vottef;O
Ild6rt;O
ilen;O
Ayohs;B-ORG
reussiraLE;O
eEA;O
irioN;O
5i;O
mbBaiidonne;I-MISC
biehi;O
peht;O
marriier;O
pis;O
N6is;B-LOC
ots;O
sauefons;O
iros;O
8e;O
jintenterai;O
poiir;O
dfipre;O
replique;O
-My;O
ecrivitunelettre;O
pressante;O
lancerent;O
lombe;O
secondes;O
darquebuse;O
messagerl;O
quisexerce;O
moineaux;O
montre272;B-ORG
dabattre;O
Notre;B-LOC
vilain;O
mortellel;B-PER
Magame;B-LOC
mechantsl;O
samusant;O
blessent;O
XII;B-PER
III0lIl;O
linquietude;O
attendaient;O
gardait;O
envers;O
Leur;O
situation;O
sortaient;O
refusait;O
obsti-;O
nementla;O
chuque;O
matin274;B-MISC
demandait;O
veillees;O
ordinaires;O
menvoyer;O
-Commentl;O
tourterelles;O
-Hier;O
soirl;O
laile;O
perduel;O
p-;O
lissant;O
-Ils;O
regue;O
Seulement;B-MISC
comteLE;I-MISC
276;O
aons;I-MISC
difficultes;O
daffiaite;O
ele-;O
ees;O
dtit;O
etnous;O
darbitfre;O
-Se;B-MISC
defient;O
Sils;O
cohfidente;O
-Sils;O
lavaient;O
lue;O
lauraient;O
envoyee;O
--Cela;O
inquietudel;I-MISC
-Ilfaut;O
reso-278;O
lument;O
mechapperai;I-MISC
jirai;O
rupture;O
-On;B-ORG
nullite;O
repugne;O
pudeur;O
defemme;O
maispuisquon;O
reculerai;O
geoliers;O
direz;O
devinez;O
pasf;O
compre-;I-MISC
nez;I-MISC
detail;O
enfantsi;O
quoiquils;O
All;O
bahl;O
haus-;O
loseriezfLE;O
DkR;I-MISC
77;O
-MIa;O
escla-;O
vage;O
joserai;O
sempecher;O
trem-;O
bler;O
decouvrant;O
perversite;O
etonnee;I-MISC
poursuivit;O
nlaimez;O
haissez;O
--Pardonnez;O
erveille;O
perdez;O
ban;O
lopinion;O
publique;O
jar-;O
din;O
promenade28;O
CHAITEA;O
trouverions;O
deva-;O
onsens;O
metouffe;O
respirer;O
trouve-;I-MISC
juaient;O
artes;O
leverent;O
respectueu-;O
sement;O
casaque;O
Yee;B-MISC
disposa;O
gureut;O
quapres;O
lappela;O
Faut;O
entendes;O
tionf;O
tiens;O
lein;O
ebeit;I-PER
recommenerent;O
279;O
ocsupait;O
uniqement;O
chant;O
imaginer;O
fuile;O
maudissant;O
necessite;O
eonduites;O
detour;I-MISC
ntait;O
eviter;O
pbre;O
demeura;O
dormif;O
-Desirez;O
tinuer;O
interrompue;O
Cory;I-PER
humiliez;O
vain280;B-MISC
conseils;O
loccasion;O
guerir;O
mentendre;O
pouvoir;O
rapproche;O
explica-;O
jetterait;O
astucieuse;O
trahir;O
desunion;O
laregarda;O
chasser;O
importune;O
oublions;O
querelle;O
281;O
nepuis;O
rapporterai;I-MISC
jurez;B-PER
romprez;O
correspon-;O
dance;O
dMlbret;I-PER
rever-;O
daler;O
repren-;O
liberle;O
Wous;B-MISC
amerement;O
Henrielte;B-PER
premire;O
insensee;O
reconnaitre;O
servage;O
tresfemmes;O
payeraient;O
af-;O
fections;O
contempla;O
geste282;B-MISC
recommencant;O
--Elle;O
meprise;O
croisees;O
infme;O
aimais;O
vez;O
tourmentez;O
ousf;O
eeur;O
aise;O
circonstance;O
emporter;O
cal-;O
culer;O
trouvee;I-MISC
propice;O
desseins;O
283;O
lessaierai;O
Jiuvoquerai;B-MISC
lappul;I-MISC
elui;O
revelerai;O
lache;O
jobtiendrai;O
livrerai;O
montrerai;O
perdrai;O
lais-;O
sez;O
condamnez;O
privations;O
douloureuses;O
soumet-;O
trai;O
pourvu;O
mimposer;O
vengeraiNi;B-LOC
284;O
conlinuerent;O
conitesse;O
eclater;O
fiuira;O
trbes;O
lionne;O
entend;O
ellel;O
bretl;O
approchaient;O
fon-;O
taine;B-PER
lesgrands;O
sassirent;O
lherbe;O
paraissanl;O
refle-;O
lesLE;O
285;O
grelots;O
tirerent;O
reverie;O
postillon;O
poste;O
traversait;O
cececi;O
Chavignon;I-LOC
informer;O
pardonne;O
course;O
betement;O
mysterieux;O
lat-;O
tention;O
rencontra;O
scrvice;O
vousf286;I-LOC
-Woici;O
jatlends;O
repohse;O
Ul;B-MISC
descendu;I-MISC
Croix;I-LOC
Blanche;I-LOC
himbre;O
tonfler;O
terrompit;O
Piehard;B-PER
savancait;O
different;O
appuye;I-MISC
dou-;O
luipresenta;O
Lamhert;I-PER
brusquement;O
sauter;O
enveloppe;O
monL;B-PER
287;O
punir;O
suseription;O
comitesse;O
C;B-MISC
signifiient;O
Ama-;I-PER
lorgueilleuse;O
eprit;O
tieillard;O
cecl;O
justifie;O
gences;O
ptle;O
colora;O
legerement;O
ihains;O
envayer;O
naez;O
leeriture;O
Ohl288;O
dultere;O
ancetres;O
mesure;O
salteraient;O
sembla;O
recueillir;O
pourprendre;O
lentement;O
silprononcait;O
formule;O
sabelle;O
etlui;O
fid6-;O
lite;O
eternelle;O
tiences;O
Agissez;B-MISC
semblera;O
japprouve;O
aveuglement;O
leeque;O
Noyon;B-LOC
responsable;O
fasse;O
atteler;O
chacunLE;O
28s;O
rentree;O
dansson;O
lalet-;O
transports;O
infinis;O
laoir;O
devoree;O
sapercut;O
manquait;O
lene-;O
loppe;O
agi;O
pru-;O
prudence;O
necrirai;O
dedans;O
vienlt;O
menfuirai;O
Sis-290;O
CnIATEAU;B-MISC
PINOM;I-MISC
dicterai;O
Comprenez-;B-LOC
joiel;O
entrevue;O
--Un;B-PER
dangerl;I-PER
dort;O
entrerapar;O
franchi;O
geur;O
nentendra;O
enfuirez;O
jupons;O
Lessentiel;B-LOC
Peurl;O
Vite;B-MISC
retroive;I-MISC
telleLB;O
29I;O
amantl;O
denouant;O
ruisseler;O
couvri-;O
manteau;O
serezjamais;O
croirait;O
neglige;O
qua-;O
prenantla;O
Beaupre292;O
Lt;O
CATAbU;B-ORG
conduise;O
genera;O
soirxIII;B-PER
10IIIII;O
compagnie;O
Acceptez;O
blesseriez;O
refusant;O
laisserons;O
seulR;O
294;O
noeuds;O
achevee;B-PER
blanches;O
remonie;B-LOC
luijeta;O
hautain;O
insolentl;B-PER
releva;O
lexpres-;O
frissonner;O
si-;O
plaga;O
droite;O
Ceur-de-Roy;B-LOC
singulierement;O
desa-;O
greable;O
oblige;O
F0te;B-MISC
CHATEAU-;I-MISC
295;O
rentrera;O
Pemsez;B-PER
Nonsieur;B-PER
salarme;O
restez-;O
damef;O
apres-demain;O
Naez;O
president;O
Dubois;B-LOC
Coural;B-PER
actuellement;O
dHai-;O
Yl;B-LOC
Moyenbrie;B-PER
parlc;O
Voudriez;B-PER
296LE;O
audience;O
lement;O
desirerais;O
Chicaneau;B-ORG
lui-;O
memel;O
mechante;O
politesse;O
manires;O
hoise;O
gardons;O
muguets;O
notrefamille;O
finir;O
larron;O
dhon-;O
neurf;B-PER
0ler;O
gale;O
297;O
venerables;O
entoure;O
Fidoncl;B-PER
lamant;O
devouer;O
BussyI;B-MISC
raillez;O
punie;O
avala;O
grnd;O
deau;O
signal;O
Recevrez;O
gatee;O
visites;O
lintroduire;O
tapisseries;O
deM;O
comtesse298;B-MISC
langaient;O
flammes;O
grisonnants;O
terrible;O
energie;O
alespassions;O
bouillantes;O
diffrence;O
Persistez;O
dessein;O
silon;B-LOC
soupgonsr;O
seu-;O
revient;O
penetrera;O
laperoitf;B-PER
lentendra;O
hretrouver;O
sonLL;O
299;O
envoyait;O
conduirait;O
stre-;O
es;B-LOC
folatrant;O
Va;O
prenne;O
Recommande;O
luisurtout;O
longue;O
laimez;I-MISC
Passionuement;B-PER
1aimeriez;O
gentilhomme300;B-MISC
GIIATEAU;O
quuue;O
regarderait;O
alors7;B-MISC
arrie;O
lau-;O
berge;O
impatience;O
jete;I-MISC
buvant;O
lhte;O
taisant;O
excitait;O
ladmiration;O
paysans;O
aux-;O
quellesilavait;O
portantles;O
dHenrielte;B-MISC
forca;O
dinterrompre;O
narrations;O
secrte;O
conference;O
lintro-;O
duction;O
Lumbert;B-PER
menoie;O
301;O
dessayer;O
veille-;I-MISC
ront;I-MISC
lattendant;O
vote;O
guide;O
jaurailhon-;O
descorter;O
jusqulaux;O
planche;O
diras;O
divine;O
ordonnera;O
tendant;O
fi-;O
dele;O
discret;O
seras;O
recompense;O
largenl;O
302;O
CHEATLEAU;B-ORG
lattendre;O
mes-;O
savanga;O
laivu;B-LOC
shr;I-LOC
Parfaitement;I-LOC
As;O
tuparle;O
suivant;O
demie;B-LOC
jiraile;O
attendront;O
Lambertremit;B-LOC
303;O
tourbillon;O
depoussiere;O
Aumo-;O
ecuries;O
carioledeM;B-LOC
deCoucy;O
leroi;B-PER
ducdOr-;I-PER
leans;O
entrait;O
accompagne;O
sergent;O
yille;O
servait;O
rarement;O
etsuivie;O
deLouison;O
accueillit;O
Cceur-de-Roy;I-PER
desesplus;O
mables;O
sourires;O
pts;O
gai;O
tacherons;O
pour-304;O
supportable;O
Caeur-de-Roy;O
mettait;O
reverences;O
legard;O
paysl;O
etablir;O
binet;O
dassister;O
desprit;O
desirable;O
delasorte;O
eonversation;O
enjoue;O
larrivee;I-PER
spectateur;O
ignorant;O
passait;O
naurait;O
futsousle;O
preoccupationaussi;O
grae;O
aee;O
plaisantiit;O
delle-;O
faeon;O
bailli;O
etaitreellementmalade;O
retraite;O
lob;O
305;O
prodigieuse;O
acheva;O
delui;O
oter;O
laffermir;O
Picards;B-MISC
sin-;O
gulieres;O
surlherbe;O
boire;O
ensuitel;O
reunissait;O
etroits;O
paulettes;O
dain;O
morbleul;O
paraissez;O
prou-;O
verai;O
dents306;B-LOC
CHIATBAU;B-LOC
repliqua-;O
enfilant;O
aiguille;O
conver-;O
sationpar;O
terrain;O
glissant;O
laida;O
-Voici;O
lacomtesse;O
phante;O
Ve-;O
nise;O
galantin;O
jattendais;O
votrevisite;O
jemhabille;O
sirarementIE;O
307;O
maladie;O
tude;O
cloche;O
nattend;O
change;O
Madamie;B-PER
suivrai;O
lhon-;O
prendrai;O
bouillon;O
dirait;O
miracle;O
plusl;O
offrit;O
Coeur-de-Roy;B-LOC
-Lanuit;O
regar-308;O
duait;O
fenelre;O
delune;O
Delette;B-LOC
Lacomtesse;B-LOC
marronniers;O
sechement;O
lorage;O
grondait;O
sourdement;O
vousmonter;I-LOC
affaires;O
jusqul;O
rentrons;O
CIHIAITEAU;O
309;O
min;O
communiqua;O
an-;O
nonce;O
caba-;O
ret;O
village;O
eveilles;O
tremblel;O
rendez-vous;O
couches;O
approchera;O
communiquait310;B-PER
pieces;O
rez-de-chaussee;B-ORG
deborder;O
enivrent;O
ceurl;O
bourreau;O
niere;B-LOC
chalne;O
vaisre-;O
ravie;O
Picardel;B-PER
chouette;O
crie;O
chouettes;O
crieraient;O
nempechera;O
pasle;B-PER
lesclavage;O
maait;O
subjuguer;O
ndi;I-MISC
perd;I-MISC
acquisue;O
borine;O
grceLE;O
31I;O
mahnquaient;O
mecoutera;O
Corcyf;I-PER
Lhorloge;O
dix;O
tardent;O
Pour-;O
entrepris;O
presentl;O
sappuya;O
lence;O
mouraient;O
regagnaient;O
fermaient;O
unes;O
regna;O
tt;O
lueur;O
lampe;O
eclairait;O
reflechis-112;O
lextremite;O
solennel;O
recueillement;O
c4-;B-ORG
aumoins;O
certaines;O
nongant;O
couche;O
troisheures;O
iutile;O
arbitrage;O
alincivilite;B-PER
rendez;O
troue;O
sepromena;O
agilte;O
seventant;O
mouchoir;O
Nul;B-MISC
atour;O
313;O
fers;O
accourant;O
roulement;O
aon;B-LOC
fremirl;O
moinsjusquau;I-MISC
pese;O
souffire;O
presages;O
inquietudes;O
gnentl;O
vlnt;O
Inconsequence;B-PER
funeste;O
reddutons;O
pleurons;O
joies;O
regret-;O
tons;O
comte314;O
douze;O
coups;O
vibrberent;O
tourelle;O
-Jentendsmarcher;O
Puissent;I-LOC
avancait;O
devenait;O
cachait;O
sienne;O
ardents;O
concen-;O
traient;O
decouter;O
Loreille;B-LOC
gard;O
tendus;O
Aizy;B-LOC
deorait;O
lespace;O
Blantchie;I-LOC
ionte;O
surLkE;B-ORG
CHIAITLU;I-ORG
PtNON;B-ORG
315;O
escorte;O
vree;B-PER
dirigeait;O
limpatience;O
Lam-;O
bert;O
dis-;O
positions;O
labsence;O
probabilite;O
delivrer;O
recluse;O
pondait;O
monosyllabes;O
apercevait;O
Chavigon;B-LOC
deranges;O
esf;O
indignement;O
trompes316;B-LOC
chevauxf;O
c0omme;O
s0mmes;O
resteront;O
jemmene;O
procurerons;O
transport;O
arrivaient;O
decoupait;O
silhouette;O
daout;O
approcherent;O
aupos-;O
tillon;O
rection;O
pis-;O
tolets;O
larcon;O
mengager;O
offre;O
CHAfEAU;O
317;O
chances;O
precautions;O
sortirent;O
duisant;O
acces;O
lapparte-;O
etouffant;O
voilal;O
resume;O
lespe-;O
rance;O
fievre;O
brtle;O
calme;O
eette;O
attente;O
oill;O
lexistence;O
toises;O
siffla;O
etait318;O
DtE;I-ORG
convenu;O
--Prenez;I-MISC
decourent;O
courront;O
redoubla;O
precaution;O
tournaient;O
langle;O
muraille;O
trouvrent;O
lumire;O
pont;O
dair;O
ledifice;O
lon-;O
geant;O
communs;O
sr;O
veillait;O
trayerseronspas;O
apercoiventLE;O
CHIIATSAU;B-MISC
319;O
occupes;O
leurjeu;O
mapprocher;O
reglez;O
surles;O
tchez;O
darriver;B-PER
passage;O
longe;O
lavoute;O
parvien-;O
mouiller;O
ecourir;O
vaseuse;O
fos-;O
mesu-;O
rant;O
mouvements;O
jevite;O
pressant;O
camarades;O
reconnurent;O
lappelerent;O
echanges;O
france;I-PER
dirigrent;O
quinconces;O
320;O
Desmonte;I-PER
dAni-;O
zy;O
lumieres;O
seteignirent;O
semblerent;O
disposes;O
obscurite;O
criua;O
-Qui;O
tut;O
vivef;O
blottit;O
retint;O
respira-;O
Neanmoins;B-PER
saisit;O
voleur;O
lobscurite;I-MISC
oula;O
nt;O
tirer;O
pistolets;O
deviterE;O
CIATLAU;B-MISC
321;O
esperant;O
netre;O
oleur;O
fuyait;O
arme;O
reten-;O
chappera;O
reputalion;O
clin;I-MISC
tira;O
dar-;O
quebuse;O
nelatteignit;O
riposta;O
precedait;O
ut;O
torche;O
cuisinier;O
hte;O
detonations;O
partirent;O
1322;O
tombbrent;O
blesses;O
mortellement;O
etendu;O
suns;O
uais;O
saisis;O
alarme;O
pendit;O
tocsin;O
crirent;O
lassassinl;O
parcoururent;O
clameurs;O
lorsquelles;O
virent;O
sieges;O
entrecoupes;O
so0nt;O
Ilouvement;B-PER
viteLE;O
323;O
song-;O
ecoutaient;O
bouleverse;O
pleur;O
enfermez;O
tueront;O
lont;O
ersa;O
statue;O
Tout-h-eoup;O
froncrent;O
las;O
renoncez;O
ce324;O
CHEAU;B-ORG
naurez;I-MISC
laceom-;I-MISC
Croyez-;B-LOC
quejabandonnerai;O
mesennemis;O
peuent;O
moi7;O
dejl;O
enle-;O
race;O
corres-;O
pondance;O
ressource;O
lassassi-;O
nat;O
commettre;O
ordinaire;O
qulen;O
ote;O
souliers;O
allant;O
eveile;O
tapage;O
heurta;O
325;O
epeel;O
defail-;O
Montrez;I-PER
labailli;O
appartient;O
certainemenl;B-LOC
gen-;O
tilhomme;O
EFrance;B-MISC
doutez;O
continuale;O
lexpliquerf;O
Interrogez;O
quaut;O
apercus;O
toutlheure;O
lorsquapres;O
aoir;O
allions;O
Pi-326;O
LR;B-ORG
chard;O
tombes;O
justel;O
reprit-;O
-Leurs;O
accourus;O
entendant;O
reconnaissons;O
vetu;O
Iair;B-PER
craignons;O
Conduisez;O
torches;O
quilexhortait;O
reeouvert;O
visage1LE;O
cravate;O
garnie;O
noffrit;O
apercutle;O
cadavre;O
Decouvrez;O
Decourez;B-PER
templer;O
Ouvrez;B-PER
chemise;O
chemiise;O
plaie;O
Iarge;B-PER
enfermes;O
maniat;O
paroles;O
actions;O
21;O
g328;O
manche;O
toucha;O
semblanl;O
bracelet;O
Oih;I-LOC
poohes;O
sou;O
veste;O
poches;O
etui;I-MISC
cure;O
peigne;I-MISC
decaille;I-MISC
ciseaux;I-MISC
brosse;I-MISC
bolte;O
emaille;O
mobilier;O
plaa;O
decachetees;O
neth;I-MISC
lassassinat;O
sot;O
traites;O
inventerLE;O
CGHATEAU;O
329;O
choisit;O
prises;O
inventaire;O
habitants;O
voleurl;O
attires;O
comprenaient;O
indiffrence;O
muettes;O
stupeur;O
detonnement;O
meche;O
coupa;O
repugnace;O
visible;O
flambeau;O
lumiere;O
choisies;O
bruler;O
fragment;O
pier;B-PER
senvola;I-PER
le330;B-MISC
brla;O
restat;O
cendres;O
montraune;O
sillonna;O
lessuya;O
saperceoir;O
Cour-de-Roy;B-PER
rele-;O
ver;O
sappua;O
lame;O
egoiste;O
nul;O
sut;O
prononga;O
oc-;O
cupee;O
sulterait;O
tastrophe;O
egalement;O
decouvrit;O
considerer;O
33I;O
repoussa;O
laid;O
regardsur;O
colores;O
Arrivee;I-PER
votte;O
Ramasse;B-LOC
emporte;O
soutenait;O
sien;O
jaimais;O
venge;O
etla;O
terriblel;O
miains;B-LOC
armoire;O
tomber332;B-ORG
DII;I-ORG
presquen;O
bliant;O
reprises;O
ohl;O
prediclion;O
accomplie;O
FIi;B-MISC
eREMIEI;I-MISC
Y0LUE;I-MISC
7/;O
3)]1;O
9;O
