Texte;Type d'entité
Première;B-MISC
Partie;I-MISC
"
";O
I;I-MISC
Le;O
matin;I-MISC
était;O
sec;O
et;O
craquant;O
de;O
froid;O
Lair;B-PER
glacé;O
contracté;O
semblait;O
souffrir;O
comme;I-MISC
portant;O
en;O
soi;O
loppression;O
une;O
fêlure;O
silence;I-MISC
occupait;O
les;I-MISC
allées;O
sy;O
tenait;O
mystérieusement;O
 ;O
il;O
nétait;O
pas;O
labsence;O
bruit;O
quelque;O
chose;O
lui-même;O
Par;O
instants;O
le;O
vent;O
salubre;I-MISC
triste;O
la;O
campagne;O
dhiver;O
balayait;O
ce;O
coin;O
Muette;B-LOC
Passy;B-LOC
cette;O
entrée;O
provinciale;O
du;O
Bois;B-LOC
Boulogne;I-LOC
Dans;O
beau;O
décharnement;O
chemin;O
près;O
dune;O
haie;O
buissons;O
nus;O
deux;O
femmes;O
passaient;O
allaient;O
revenaient;O
parcourant;O
reprenant;O
même;O
route;O
se;O
plaisant;O
là;O
Lune;B-LOC
delles;O
aspirer;O
cet;O
air;O
neige;O
âprement;O
désaltérer;O
grande;O
soif;O
profonde;O
lautre;O
portait;O
dans;O
un;I-MISC
regard;O
lisse;O
âme;O
plus;O
étroite;O
plane;O
Quoiquelles;O
échangeassent;O
des;O
phrases;O
commencées;O
sitôt;O
comprises;O
quelles;O
eussent;O
lune;O
avec;O
laisance;O
distractions;O
familières;O
on;O
voyait;O
nétaient;O
sang;O
La;O
qui;O
pouvait;O
avoir;O
vingt-trois;O
ou;O
vingt-quatre;O
ans;I-MISC
que;O
appelait;O
Sabine;B-PER
mince;O
longue;O
visage;O
soyeux;O
pâle;O
cheveux;O
doux;O
dun;O
noir;O
lourd;O
yeux;O
obscurs;O
ardents;O
glissants;O
dont;O
nacre;O
à;O
lentour;O
prunelles;O
avait;O
couleur;O
lunes;O
bleues;O
chaleur;O
jeune;O
femme;O
donnait;O
tout;O
son;O
corps;O
aspect;O
tiède;O
fille;O
laccompagnait;O
paraissait;O
vingt;O
sa;O
belle-sœur;O
Marie;I-PER
Fontenay;I-PER
sœur;O
mari;O
Elle;O
jolie;O
aussi;O
elle;O
clair;O
vifs;O
châtaignes;O
bouche;O
rire;O
délicats;O
Son;O
timide;O
simple;O
dévoilait;O
confusion;O
Un;B-MISC
peu;O
lasses;O
toutes;O
leur;O
course;O
rapide;O
elles;O
sassirent;O
sur;O
banc;O
regardèrent;O
devant;O
Leur;B-MISC
respiration;O
faisait;O
leurs;O
voiles;O
buée;O
légère;O
Elles;O
regardaient;O
complaisamment;O
aimaient;O
Sur;O
pelouses;O
mornes;O
arbres;O
dévastés;O
forme;O
fourche;O
piquaient;O
ciel;O
Détroites;B-LOC
rosaces;O
plantes;O
vives;I-MISC
semblables;O
petites;O
mâches;O
restaient;O
collées;O
quelques;O
herbes;O
terre;O
nue;O
gelée;O
De;B-MISC
place;O
statues;O
pierre;O
montaient;O
haleine;O
blanche;O
torpeur;O
pendaient;O
lambeaux;O
autour;O
villas;O
mortes;O
carré;O
jardin;O
Au;O
loin;O
kiosque;O
servait;O
musique;O
été;O
démoli;O
par;O
Derrière;B-LOC
tramway;O
passait;O
moments;O
grincer;O
raie;O
Mademoiselle;B-PER
mettant;O
doucement;I-MISC
main;O
bras;O
regardant;O
tendresse;O
soigneuse;O
où;O
veillait;O
lanxiété;O
cœur;O
sage;O
lui;O
demanda;O
" 
";O
—;O
Que;O
vas;O
-;O
tu;O
faire;O
aujourdhui;O
Rien;O
répondit;O
madame;O
je;O
vais;O
me;O
reposer;O
lire;O
sortirai;O
peut-être;O
puis;O
cinq;O
heures;O
viens;O
prendre;O
thé;O
chez;O
moi;O
Henri;B-PER
sera;O
Jérôme;B-PER
Pierre;B-MISC
viendront;O
Madame;B-PER
dit;O
quelle;O
ne;O
ferait;O
rien;O
parce;O
quil;I-MISC
séprouvait;O
faiblement;O
quoiquelle;O
sentit;O
ni;O
malheureuse;O
désirante;O
dautre;O
vie;O
monotone;O
apparaissait;O
seulement;O
moment;O
lucide;O
sommeil;O
versant;O
luisant;O
nuit;O
viendrait;O
effet;O
quavant;O
cela;O
peinture;O
Et;B-MISC
ajouta;O
fond;O
est;O
-ce;O
es;O
heureuse;O
Oui;O
fit;O
netteté;O
pourtant;I-MISC
obscurément;O
–;O
oui;I-MISC
trouvant;O
cherchait;O
ayant;O
perdu;O
souvenir;O
désir;O
apparût;O
vraiment;O
ainsi;O
Les;O
lignes;O
sombres;O
au;O
bord;O
certains;O
mouvements;O
force;O
vite;O
abattus;O
démarche;O
geste;O
témoignaient;O
langueur;I-MISC
intruse;O
irritée;O
mais;O
pliante;O
Tu;O
sais;O
reprit;O
-elle;O
depuis;O
mal;O
naissance;O
mort;O
petite;O
fatigue;O
si;O
très;O
bien;O
joie;O
sens;O
crois;O
repos;O
sécurité;O
sentiment;O
dêtre;O
gardée;O
labri;O
respirer;O
quatténuée;O
sont;O
jai;I-MISC
désormais;O
pour;O
toujours;O
besoin;O
donnent;O
satisfaction;O
bonheur;O
Cependant;O
quelquefois;O
Cest;B-LOC
quétant;O
maintenant;O
réfléchie;O
grave;O
probablement;O
selon;O
ma;O
vraie;O
nature;O
instant;O
être;O
passé;O
différent;O
fou;O
pauvre;O
riait;O
pleurait;O
mourir;O
félicité;O
releva;O
voilette;O
embarrassait;O
Vois;B-PER
continua;O
-t;O
sombre;O
volontaire;O
mélancolique;O
acharnée;O
têtue;O
sort;O
regardait;I-MISC
touchait;O
faisais;O
peur;I-MISC
jour;O
cédé;O
molli;I-PER
nai;O
su;O
voulais;O
alors;O
a;O
ennuis;O
venus;O
maladies;O
malchances;O
Maintenant;O
mieux;O
nest;I-MISC
rapprochaient;O
jusquau;O
Non;O
y;O
trouve;O
fait;O
bonnes;O
vers;O
soir;O
surtout;O
lampes;O
quand;I-MISC
va;O
bouger;O
nous;O
pourquoi;O
vit;O
toi;O
mit;O
tête;O
toque;O
fourrure;O
mêlaient;O
luisaient;O
ensemble;O
contre;O
sagement;O
comprenait;O
quon;O
vivait;O
culture;O
patiente;O
fervente;O
lesprit;O
conscience;O
asservi;O
règle;O
sévère;O
ses;O
désirs;O
connaître;O
goûtait;O
parfaites;O
satisfactions;O
lecture;O
Je;B-MISC
disait;O
paupières;O
battaient;O
timidement;O
voulu;O
cacher;O
apparue;O
clairs;O
douceur;O
devoir;O
vrai;O
Il;O
semble;O
fais;O
tâche;O
isolée;O
entre;O
mouvement;O
horloge;O
dordre;O
labeur;O
Jai;B-MISC
limpression;O
jétudie;O
tablier;O
toile;O
ris;O
suis;O
moine;O
cellule;O
sans;O
voie;O
dautres;O
moines;O
cellules;O
sommes;O
couvent;O
monde;O
travailleurs;O
heureux;O
nont;O
vanité;O
Mais;O
lair;O
plaisir;O
tristesse;O
prise;O
veut;O
flânerie;O
beaux;O
projets;O
sourds;O
trop;O
long;O
soupir;O
fort;I-MISC
Ah;B-MISC
chère;O
folle;O
passant;O
derrière;O
épaules;O
tenant;O
dor;O
aux;O
doigts;O
repliés;O
grands;O
plaisirs;O
Quand;B-MISC
refermé;O
mes;O
livres;O
cahiers;O
respire;O
mest;O
récompense;O
Quelque;B-LOC
  ;O
Ce;O
avais;O
jouer;O
senti;I-PER
autrefois;O
avant;O
tous;O
chagrins;O
boude;O
faut;O
rentrer;O
sécria;O
effrayée;O
venait;O
regarder;O
montre;O
Ma;B-PER
mère;O
doit;O
mattendre;O
déjà;O
levèrent;O
mirent;O
marcher;O
Isolée;B-LOC
fourrures;O
manchon;O
marchait;O
baissée;O
parlant;O
dépoli;O
eût;O
contour;O
tandis;O
frileuse;O
protégée;O
conforme;O
lhiver;O
sous;O
chapeau;O
large;O
gris;O
dargent;O
couronné;O
feuillage;O
rouge;O
laissant;O
pendre;O
delle;O
manteau;O
laine;O
molle;O
ressemblait;O
ces;O
Pomone;B-PER
Flore;B-MISC
nhabille;O
complètement;O
lierre;O
givre;O
bise;O
gardent;O
figure;O
dété;O
désordonné;O
léclat;O
séchappait;O
vêtements;O
irritable;O
nu;I-MISC
En;O
suivant;O
menait;O
demeure;O
entendirent;O
orgue;O
barbarie;O
sons;O
cassés;O
ségrenaient;O
tombés;O
clavier;O
fer;O
verre;O
On;O
joueur;O
lorgue;O
devaient;O
trouver;O
rue;O
voisine;O
vive;O
évoqua;O
suite;O
précision;O
image;O
découpée;O
collée;O
fumée;O
jaune;O
mendiant;O
lombre;O
porte;O
caisse;O
bois;O
morceau;O
cloué;O
dos;O
sébile;O
posée;O
dessus;O
trébuchait;O
mendiante;O
misérable;O
point;O
voluptueuse;O
malgré;O
mélodies;O
retenues;O
chansons;O
lété;O
faible;O
toussante;O
prenait;O
montant;O
enchaînée;O
damour;O
hommes;O
glacée;O
ny;O
dabri;O
table;O
pain;O
claire;O
chambre;O
loisirs;O
divans;O
lourds;O
parfums;O
pensait;O
lamour;O
pauvres;O
hiver;O
ceux;O
-là;O
seuls;O
pouvant;O
vivre;O
ont;O
goût;O
délire;O
dardeur;O
regarda;O
tristes;O
percevant;O
pensées;O
amie;O
pitié;O
soupira;O
Où;B-MISC
malheureux;O
mauvaise;O
habitude;O
jamais;O
étaient;O
arrivées;O
maison;O
mademoiselle;O
habitait;O
courte;O
distance;O
celle;O
quittèrent;O
riant;O
après;O
sêtre;O
tenues;O
longuement;O
mains;O
tendues;O
revint;O
lent;O
petit;O
hôtel;O
lequel;O
caisses;O
fleurs;O
suspendues;O
grilles;O
fenêtres;O
eut;O
atteint;I-MISC
pénétra;O
vestibule;O
sonore;O
frais;O
campagnard;O
clous;O
cuivre;O
mur;O
accrochés;O
chapeaux;I-MISC
dhomme;O
cannes;O
aimait;O
sensation;O
retrouvée;O
paix;O
chambres;O
lesquelles;O
tremblaient;O
bruits;O
faibles;O
distants;O
rejoignit;O
trouva;O
occupé;O
ranger;O
lembrassa;I-MISC
lentraînant;O
salle;O
manger;O
face;O
parla;O
mécanique;O
soccupait;O
inclination;O
télégraphie;O
progrès;O
laérostation;O
lécoutait;O
beaucoup;O
Si;O
eu;I-MISC
énergie;O
pu;O
apparent;O
intérêt;O
répondre;O
lasse;O
penser;O
repas;O
terminé;O
M;B-PER
montèrent;O
confuse;O
latelier;O
sétendit;O
divan;O
bu;O
café;O
fumé;O
cigarette;O
exposait;O
plans;O
journée;I-MISC
tendrement;O
congé;O
À;O
fois;O
active;O
dolente;O
temps;O
sasseyant;O
relevant;O
ouvrant;O
fermant;O
souvent;O
étendue;O
soie;O
sentant;O
envahie;O
contente;O
entraient;O
linsensibilité;O
fine;O
vivante;O
volupté;O
lheure;O
paisible;O
fatigué;O
passions;O
lenfance;O
hasards;O
mariage;O
hâtif;O
douleurs;O
maternité;O
reposait;O
creux;O
après-midi;O
molles;O
bercé;O
sensuelle;O
crainte;O
représentait;O
manière;O
aiguë;O
tiédeur;I-MISC
frisson;O
Ainsi;O
alanguie;O
pendant;O
rappelait;O
enfance;O
ardente;O
énergique;O
brûlant;O
auquel;O
surprise;O
ignorance;O
enfant;O
souviendrait;O
davoir;O
passionnée;O
âgée;O
sept;O
mourut;O
leût;O
rarement;O
vue;O
lavait;O
regrettée;O
désespérément;O
toute;O
précoce;O
pleine;O
deuil;O
terrible;O
particulier;O
honte;O
navait;O
plusieurs;O
jours;O
considéré;O
stupeur;O
muette;O
enfants;O
sexpliquent;O
eux;O
refuse;O
Sensible;B-PER
trouble;O
malaise;O
physique;O
grandit;O
père;O
Rozée;I-PER
lindulgence;O
indifférente;O
brusque;O
caractère;O
amer;O
lintelligence;O
compliquée;O
inspiraient;O
admiration;O
Étonnante;B-ORG
mystique;O
amoureuse;O
désespérée;O
violente;O
Nul;O
soumis;O
disciplines;O
laspiration;O
rêve;O
lextrême;O
tension;O
nerfs;O
lécrasement;O
léquilibre;O
fut;O
léducation;O
treizième;O
année;O
Retenue;B-ORG
pièce;O
pesante;O
écrivait;O
lisait;O
jouait;O
piano;O
rêvait;O
auprès;O
gouvernante;I-MISC
allemande;O
nébuleuse;O
sentimentale;O
chaste;I-MISC
entretenant;O
élève;O
plainte;O
éternelle;O
lointaines;O
fiançailles;O
grâces;O
communication;O
vertige;O
joignait;O
clarté;O
irritées;O
français;O
violence;O
italienne;O
maternel;O
respirait;O
souvenirs;O
haletant;O
vacillant;O
détude;O
alourdie;O
tentures;O
attristée;O
meubles;O
noyer;O
coudes;O
travail;O
éclairé;O
lampe;O
chauffé;O
sourdes;O
émotions;O
grisait;O
mélancolies;O
récits;O
rencontre;O
serment;O
promenades;O
places;O
jardins;O
ville;O
Wurtemberg;B-LOC
linfidélité;O
homme;O
abandonné;O
fiancée;O
mourante;O
chagrin;O
mémoire;O
Cette;O
demoiselle;O
légendaire;O
rayonnante;O
amour;O
Lestime;B-PER
laquelle;O
elle-même;O
égard;O
aventure;O
comprendre;O
élans;O
revers;O
passion;O
font;O
lemploi;O
lorgueil;O
dignité;O
destinée;O
vécut;O
dévote;O
lardeur;O
napercevant;O
études;O
brûlantes;O
lhistoire;O
minutes;O
passionnées;O
visages;O
dHéloïse;B-MISC
Jeanne;B-PER
dArc;I-PER
inventait;O
sentimental;O
roi;O
Charles;B-PER
cartes;O
géographie;O
sattardait;O
imaginer;O
contours;O
blancs;O
villes;O
voluptueuses;O
Messine;B-LOC
mer;O
dAzow;I-LOC
courants;O
deau;O
douce;O
flamme;O
montait;O
profondeurs;O
gagnait;O
cerveau;O
pensée;O
raison;O
danser;O
incendie;O
Nulle;B-MISC
réserve;O
nul;O
jugement;O
esprit;O
première;O
vague;O
emplissait;O
Aux;O
instruction;O
religieuse;O
inventive;O
peines;O
journalières;O
souhaitait;O
duretés;O
Carmel;B-ORG
ensuite;O
étroits;O
ajustements;O
audaces;O
libération;I-MISC
lêtre;O
linévitable;O
lantique;O
fatalité;O
Vers;O
quinze;O
livre;O
phrase;O
Spinoza;B-PER
croyance;O
avons;O
notre;O
liberté;O
lignorance;O
mobiles;O
agir;O
labreuva;O
sembla;O
calmer;O
natif;O
tourment;O
Pourtant;O
passa;I-MISC
encore;O
voies;O
tortueuses;O
douloureuses;O
sensibilité;O
reprenait;O
aller;O
revenir;O
foi;O
lindifférence;O
goûta;O
religion;O
fêtes;O
dorées;O
odeurs;O
gardées;O
sainte;O
atmosphère;O
longeant;O
prodiges;O
vitrail;O
églises;O
Avec;O
instruit;O
subtil;O
raisonneur;O
parlait;O
discutait;O
affirmait;O
l;O
dire;O
énonçait;O
vous;O
jure;O
cest;O
prononçait;O
Cela;O
ton;O
aurait;O
crié;O
" 
 ";O
assurance;O
puisée;O
lieu;O
certitude;O
seize;O
vivace;O
dominait;O
courtois;O
croissance;O
féminine;O
respectueux;O
lordre;O
social;O
considérait;O
déférence;O
race;O
noble;O
élevée;O
Des;O
amis;O
fils;O
jeunes;O
filles;O
âge;O
venaient;O
Paris;B-LOC
rejoignaient;O
château;O
possédait;O
Touraine;B-LOC
jeux;O
éprouvait;O
affermi;O
quun;O
robuste;O
diminuait;O
mélancolie;O
avaient;O
accablé;O
retenue;O
oppressée;O
violets;O
crépuscule;O
lodeur;O
pétunias;O
lautomne;O
cheminées;O
cri;O
lhirondelle;O
samusait;I-MISC
encombrait;O
puériles;O
intrigues;O
plaisait;O
émouvoir;O
gens;O
lentouraient;O
désirer;O
fleur;O
cueillie;O
tenue;O
fruits;O
touchés;O
sentait;O
forte;O
grâce;O
science;I-MISC
naturelle;O
croissante;O
détours;O
orgueil;O
personne;O
situation;O
au-dessus;O
espoirs;O
insignifiants;O
lobtenir;O
cabrait;O
jetait;O
lâme;O
arrière;O
nimaginait;O
simples;O
gaietés;I-MISC
juvénile;O
accord;O
consentement;O
familial;O
longues;O
solitudes;O
permises;O
neût;O
abandonner;O
garçons;O
patients;O
dévots;O
gênés;O
lavaient;O
dÉtat;I-MISC
italien;I-MISC
connu;O
Rome;B-LOC
Fabien;O
Mauri;I-LOC
venu;O
dîner;O
connaissait;O
attention;O
restait;O
Après;O
chansonniers;O
colportaient;O
France;I-LOC
mélodie;I-MISC
sétaient;O
arrêtés;O
salon;O
boiserie;B-LOC
tendu;O
toiles;O
Gênes;B-LOC
plafond;O
ils;O
chantèrent;O
Ils;O
jouaient;O
violon;O
guitare;O
soupiraient;O
couplets;O
passionnés;O
poésie;O
naïve;O
soleil;O
amoureuses;O
vus;O
artistes;O
boivent;O
écoutait;O
aspirait;O
saccades;O
secousses;O
fin;O
battement;O
narines;O
semblent;O
emplir;O
ouverte;O
chaude;O
Embuée;B-LOC
retourna;O
distraitement;O
rencontra;O
embusqués;O
têtus;O
longtemps;O
doute;O
posés;O
cessé;O
lItalien;B-MISC
leva;O
sapprocha;O
causèrent;O
choses;O
importantes;O
tenir;O
paroles;O
semblaient;O
mises;O
faciliter;O
autoriser;O
lattention;O
appuyait;O
intimidée;O
répondait;O
gauchement;O
agréable;O
remarquait;O
létonnant;O
rauque;O
brûlé;O
épuisé;O
cruel;O
partit;O
lendemain;O
revit;O
nen;B-PER
occupée;O
subissait;O
quavec;O
irritation;O
humilité;O
lespérance;O
quelques-uns;O
lépouser;O
porté;O
pliement;O
délicieux;O
merveilleux;O
craquement;O
dur;O
années;O
dinsouciance;O
retour;O
voyage;O
annonça;O
dabord;O
allait;O
marier;O
épousait;O
autrichienne;O
présence;O
serait;O
distraction;O
charmante;O
crut;O
cétait;O
possible;O
Létonnement;B-ORG
déplaçait;O
Sa;B-MISC
causerait;O
peine;O
épargné;O
supplia;O
confiant;O
désespoir;I-MISC
laimait;O
jalousement;O
sagesse;O
paternelle;O
folie;I-MISC
voulait;O
changeait;O
tuait;O
finit;O
repousser;O
pris;O
attachement;O
désirait;O
Alors;O
découragée;O
crise;O
décœurement;O
coûtait;O
dormir;O
contemplation;O
portrait;O
morte;O
pressait;O
larmes;O
pensa;O
décida;O
lorsque;O
apprit;O
partir;O
Vienne;B-LOC
célébrerait;O
quensuite;O
voyagerait;O
appelée;O
nièces;O
trouvaient;O
subitement;O
orphelines;O
auxquelles;O
croyait;O
consacrer;O
fiança;O
mondain;O
Depuis;B-MISC
six;O
mois;O
jugé;O
sérieux;O
droit;O
partie;O
groupe;O
soccupaient;O
comprit;O
bientôt;O
regret;O
mine;O
rude;O
vigueur;O
communiquait;O
apportait;O
moins;O
curiosités;O
culte;O
découverte;O
lexact;B-LOC
lactivité;O
expéditions;O
bateau;O
ballon;O
desquels;O
tentaient;O
expériences;O
émouvantes;O
lhorizon;O
lembrun;O
rêverie;O
sexprimait;O
séclaircissait;O
sattachait;O
scintillements;O
bleus;I-MISC
létoile;O
sétonnait;O
linfini;O
telles;O
révélations;O
précipitaient;O
lourdement;O
ébloui;O
savait;O
gré;O
daimer;O
non;O
impatiente;O
destructive;O
sintéresser;O
acquérir;O
réunir;O
rares;O
Enfin;I-MISC
laccueil;O
acheva;O
dincliner;O
abandonnait;O
combattue;O
II;B-MISC
repensait;O
étant;O
couchée;O
orangée;O
milieu;O
coussins;O
gonflaient;O
étoffes;O
citron;O
anglaise;O
toucher;O
éraillées;O
cheminée;O
bûches;O
mourantes;O
baissait;O
Tout;O
bibliothèques;O
légères;O
vitrées;O
biais;O
angles;O
muraille;O
ouvert;O
partitions;O
traînant;O
pupitre;O
étoffe;O
velours;O
pourpre;O
broderies;O
coupée;O
chasuble;O
ancienne;O
moulage;O
ladmirable;O
Beethoven;B-PER
plat;O
détendu;O
écrasé;O
sublime;O
tables;O
encoignures;O
vases;O
japonaise;O
seule;O
teinte;O
coulée;O
verte;O
vert;O
prairie;O
répandaient;O
odeur;O
acide;O
corolles;O
tiges;I-MISC
mouillées;O
Comme;O
fenêtre;O
sobscurcissait;O
tempête;O
sassoupit;O
sendormit;O
silencieuse;O
pendule;O
battait;O
calmement;O
jetant;I-MISC
loisir;O
dindolence;O
sonnets;O
Ronsard;B-PER
essayé;O
bout;O
ouverts;O
dormant;O
entendait;I-MISC
enfermé;O
devinait;O
lobscurité;O
dehors;O
trouvait;O
moelleuse;O
bonne;O
resta;O
cédant;O
linterrompant;O
goûter;O
retombant;O
sonnette;O
retentit;O
"
 ";O
voilà;O
rentre;O
autres;O
vont;O
venir;O
lève;O
mhabille;O
descendit;O
lescalier;O
croisa;O
donna;O
tendre;O
bon;O
embrasser;O
Valence;I-PER
lintime;O
ami;O
lhôte;O
fraternel;O
Bonjour;B-MISC
mon;O
cher;O
chaque;O
revoyait;O
éprouvé;O
camaraderie;O
amusée;O
habituel;O
étranger;O
an;O
Indes;B-LOC
cesse;O
vivant;O
âpre;O
intéressée;O
dautrui;O
hospitalier;O
amicale;O
indifférent;O
sil;I-MISC
fallu;O
définir;O
Montez;B-PER
servir;O
trentaine;O
dannées;O
grand;O
serré;O
barbe;O
noire;O
noirs;O
mêlés;O
myope;O
myopie;O
lhabituelle;O
expression;O
gaieté;O
témoignait;O
facile;O
rougeur;O
joues;O
sétait;O
lié;O
dès;O
collège;B-LOC
Singulièrement;I-LOC
intelligent;O
actif;O
influé;O
idées;O
accoutumé;O
curiosité;O
scientifique;O
Lui;O
impatient;O
mobile;O
libérait;O
propres;O
penchants;O
politique;O
réformes;O
sociales;O
colère;O
rénovatrice;O
préparait;O
députation;B-MISC
habillée;O
robe;O
d;O
intérieur;O
bruissante;O
lâche;O
porter;O
poids;O
léger;O
tant;O
délicat;O
lassé;O
pliait;O
facilement;O
monta;O
buvant;O
fumant;O
darriver;O
assise;O
fauteuil;O
balançait;O
Quavez;B-LOC
-vous;O
versait;O
tasse;O
demandait;O
laprès;O
midi;O
Louvre;B-LOC
-il;O
recoiffer;O
sortir;O
émotion;O
Cétait;B-MISC
magnifique;O
Vinci;I-PER
saisissant;O
disant;O
éblouis;O
mêmes;O
brusquement;I-MISC
redescendait;O
familière;O
hautes;O
tensions;O
fussent;O
Voici;B-MISC
monte;O
souvrit;O
Hérelle;I-PER
entra;O
bonjour;O
gravement;O
sourire;O
impression;O
politesse;O
comporte;O
réflexion;O
solennité;O
entrait;O
cousin;O
éloigné;O
dHenri;B-MISC
allié;O
famille;O
éprise;O
musicien;I-MISC
polonais;O
dorigine;O
française;O
Jean;B-PER
épousé;O
lopposition;O
parents;O
vécu;O
Pologne;B-LOC
don;I-MISC
musical;O
révélé;O
lorsquil;B-PER
atteignait;O
vingtième;O
ressources;O
donner;O
leçons;O
douloureuse;O
aigu;O
lélégance;O
loisiveté;O
rendirent;O
possibilité;O
difficile;O
composa;O
favorisé;O
célèbre;O
maître;O
russe;O
prit;O
affection;O
hérité;O
laissait;O
vint;O
amicalement;O
reçu;O
entouré;O
monsieur;O
soccupa;O
mettre;O
relation;O
célébrités;O
métier;O
désira;O
travaillait;O
habile;O
neuve;O
dévoué;O
contentement;O
taille;O
soucieux;O
rendait;O
sympathique;O
offrit;O
silencieusement;O
criait;O
séchauffait;O
Révolution;I-MISC
expliquait;O
autrement;O
manie;O
remettre;O
observation;O
événements;O
accomplis;O
constatait;O
quils;O
faisaient;O
discutant;O
lempêchait;O
regards;O
lun;O
causeurs;O
tromper;O
choisissant;O
avis;O
voulant;O
polie;O
premières;O
donné;O
lentretenir;O
carrière;O
intéresser;O
intéressait;O
Quoiquil;B-PER
parût;O
modeste;O
réservé;O
limpressionnât;O
aucunement;O
pénétrât;O
modifiât;O
létonnait;O
létonner;O
fît;O
naturellement;O
garde;O
habituée;O
dît;O
Vous;B-MISC
nêtes;O
chante;O
étouffait;O
contrariété;O
nayant;O
convaincre;O
Michelet;B-LOC
historien;O
réunions;O
finissaient;O
dentendre;O
chanter;I-MISC
cédait;O
prétexte;O
sen;B-PER
courtoisement;O
ci;O
résigna;O
lalluma;O
déposa;O
joua;O
taisait;O
chacun;O
cherchant;O
pose;O
confortable;O
naimait;O
troublé;O
semplissait;O
encens;O
subtile;O
chantait;O
levé;O
hésitantes;I-MISC
admirable;O
Fauré;B-PER
blond;O
sémouvait;O
exaltation;O
mêlée;O
mots;O
sépanouissait;O
rose;O
née;I-MISC
déchirure;O
doù;O
coulerait;O
sève;O
limpide;O
sucrée;O
roses;O
dIspahan;B-MISC
gonflait;O
sexhalait;O
recommençait;I-MISC
gaines;O
mousse;O
langoisse;O
délicieuse;O
aspirée;O
rejetée;O
jasmins;O
Mossoul;B-PER
loranger;O
note;O
penchante;O
troublait;O
doigt;O
appuyé;O
sanglot;I-MISC
voluptueux;O
Quel;B-MISC
parfum;B-MISC
ivresse;O
quel;O
flacon;O
dodeur;O
dOrient;B-MISC
cassé;O
magnolia;O
écrasées;O
larôme;O
lagonie;B-LOC
fuyait;O
tremblait;O
lhomme;O
misérables;O
impossible;O
bas;O
lumière;O
bouches;O
suavité;O
déchiffrés;O
adhérents;O
cous;O
renversés;O
Mon;O
Dieu;I-MISC
attente;O
baiser;O
Peut;O
quéprouvent;O
beauté;O
telle;O
détresse;O
ferma;O
tard;O
toussait;O
retint;O
tousser;O
fumez;O
familiarité;O
sattendait;O
gênée;O
chantez;O
mauvais;O
votre;O
voix;O
musiciens;O
soccupe;O
chance;O
cas;O
laissez;O
reprenez;O
allons;O
-nous;O
-en;O
lintention;O
boulevard;I-MISC
venez;O
fête;O
dames;O
comique;O
simulait;O
tact;O
sèchement;O
nadmettant;O
repris;O
plaisamment;O
manque;O
correction;O
Voyons;B-PER
voulez;O
interrogea;O
disposé;O
plairait;O
Veux;B-PER
tournant;O
embarrassée;O
quoi;O
consultait;O
décider;O
Décide;B-MISC
insista;O
vois;I-MISC
attendent;O
faudra;O
thabiller;O
reste;I-MISC
aidée;O
limpatience;O
fatiguée;I-MISC
dîne;O
ici;O
affectueusement;O
Bon;B-MISC
revoir;O
répondirent;O
dînons;O
prenant;O
jusquà;O
hâtèrent;O
décourter;O
nétant;O
gourmandes;O
quen;O
causer;O
librement;O
ardemment;O
sinstallèrent;O
suivait;O
tenture;O
fanées;O
fauteuils;O
Louis;B-PER
XV;I-PER
nouaient;O
haut;O
courbes;O
laque;O
gros;O
chiffres;O
cadran;O
mettaient;O
douceurs;O
secrètes;O
XVIIIe;B-MISC
siècle;O
Tirons;B-PER
rideaux;O
froide;O
vitre;O
attristait;O
remonte;O
bûche;O
fumer;O
agitait;O
pincettes;O
feu;O
belle;O
grise;O
éclatait;O
étincelles;O
présent;O
sasseyait;O
pieds;O
canapé;O
sait;O
sexclama;O
aiment;O
restaurant;O
ça;O
amuse;O
drôle;O
mange;O
tranquillement;O
frôle;O
Jaime;B-PER
senfonçant;O
protéger;O
quà;O
jaime;O
savoir;O
gentils;O
sintéressait;O
installée;O
négligemment;O
petits;O
coups;O
paraissant;O
as;O
vu;O
ai;O
demandé;O
part;O
semblé;O
déplaisant;O
curieux;O
êtres;O
deviennent;O
chers;I-MISC
touché;O
interrompit;O
laimes;O
Oh;B-PER
damitié;O
étonnant;O
passent;O
loubli;O
jardinier;O
constata;O
nettement;O
Surtout;O
connaissez;O
répliqua;O
entendez;O
presque;O
mettez;I-MISC
parlez;O
mentends;O
faiblesse;O
lagacement;O
humeur;O
content;O
plaigne;O
plaint;O
méchante;O
vieille;O
Martin;B-PER
pleurer;O
deviens;O
pleures;O
troisième;O
dis;O
donc;O
voir;O
peux;O
affreux;O
tue;O
Dis;B-PER
nas;O
dû;O
tristement;O
na;I-MISC
désapprend;I-MISC
bonté;O
attendrie;O
désolée;O
lappuyant;O
joue;O
chérie;O
embrassait;O
car;O
arrachait;O
quest;O
veux;O
Lamour;B-MISC
Toujours;B-MISC
gaiement;O
maiment;O
soirées;O
reprendre;O
envie;O
dy;O
mamuse;O
connais;O
injuste;O
réfléchissant;O
soient;O
bêtes;O
souci;O
lobligation;O
signer;O
nom;O
lettre;O
facture;O
enfin;O
peut;O
voit;O
penses;O
habit;O
gants;O
domicile;O
bibliothèque;O
avoua;O
comprends;O
jattends;O
narrivera;O
quelquun;B-LOC
Philippe;B-PER
Forbier;I-PER
parlent;O
comment;O
las;O
sétonna;O
déranger;O
chimiste;O
philosophe;O
mathématicien;O
cours;O
sculpture;O
âgé;O
quHenri;B-MISC
rencontrés;O
Comité;B-ORG
Société;B-ORG
marié;O
Dailleurs;B-PER
prononça;O
revenant;O
conversation;O
marie;O
Faut;B-LOC
aimer;O
aime;O
lespoir;O
sanimant;O
vient;O
vieillesse;O
lorsquon;O
courage;O
fini;O
Toutes;O
taisaient;O
différentes;O
dedans;O
existence;O
angoisses;O
donnaient;O
confort;O
contentements;O
frissonnant;O
séteignait;O
roulée;O
propos;O
discutions;O
importante;O
III;O
Lhiver;B-LOC
gel;O
réclusion;O
printemps;O
glissement;O
insensible;O
mêlant;O
Ensuite;O
furent;O
davril;O
dures;O
tombées;O
crépuscules;O
longs;O
changé;O
détendait;O
saison;O
nouvelle;O
simplicité;O
brusques;O
envies;O
samuser;O
sentimentalité;O
enfantine;O
Aujourdhui;B-ORG
théâtre;O
dirons;O
Dautres;B-PER
obligeait;O
rester;O
lépaule;O
lalanguissement;O
essayait;O
fût;O
empli;O
indécise;O
sobstinant;O
vouloir;O
pareil;O
Sentez;B-LOC
bataille;O
panoramas;O
jadore;O
ajoutait;O
voudrais;O
"  
";O
gentiment;O
futiles;O
allât;O
coucher;O
Obstinée;B-LOC
besogne;O
amollie;O
boudait;O
soudain;O
mis;O
exprès;O
enlevait;O
dElseneur;B-ORG
collines;O
dItalie;B-MISC
quarrachent;O
racines;O
oliviers;O
balcon;O
perron;O
graviers;O
jet;O
cou;O
pratique;O
gentil;O
lembrassant;O
pleurant;O
dabondance;O
Est;I-LOC
savez;O
donne;O
chéri;I-MISC
te;O
taime;I-MISC
tai;O
aimée;O
travailles;O
nes;O
soupirait;O
sois;O
portes;O
pouvoir;O
tintéresser;O
toccuper;O
verrais;O
rendrait;O
consolerait;O
maimais;O
serais;O
lon;O
Eh;B-MISC
attendri;O
fier;O
laisse;O
-moi;O
finir;O
rangement;O
dînerons;O
sappliquait;O
profond;O
contraire;O
combien;O
idée;O
jaurai;O
merveilleuse;O
lidée;O
Plusieurs;O
mai;O
allèrent;O
secrètement;O
cachant;O
cafés;O
flottait;O
basse;O
dalcool;O
tabac;O
restaurants;O
pleins;O
buvait;O
mangeait;O
senorgueillissait;O
solitude;O
choisissait;O
étourdie;O
feux;O
cabarets;O
cligner;O
âmes;O
déchirée;O
tzigane;O
lâpre;O
cinglement;O
éparpillait;O
Tandis;O
fumait;O
lentement;O
liqueur;O
saccoudait;O
terrasses;O
fraîcheur;O
tombait;O
Lheure;B-PER
ulule;O
lamente;O
laccablait;O
Laspect;B-PER
dépaysait;O
cachait;O
lhabitude;O
songeait;O
libérée;O
sabandonnait;O
linconnu;O
clairement;O
points;O
fixes;O
destin;O
instinct;O
sinquiétait;O
violent;O
tiré;O
lémotion;O
fièvre;O
malade;O
accueillie;O
refaisait;O
cramponnée;O
dominante;O
souriant;O
bonnement;O
endormait;O
végétal;O
étincelant;O
brume;O
bleue;O
lointain;O
coq;O
évocateur;O
paille;O
printanière;O
pria;O
laisser;O
laccompagner;O
Bruyères;B-LOC
lOise;B-LOC
propriété;O
belle-mère;O
celle-ci;O
terminer;O
recherches;O
construction;O
afin;O
scientifiques;O
accompagnerait;O
reposerait;O
pêcherait;O
rivière;O
Nous;B-MISC
resterons;O
quinzaine;O
pouvons;O
emmener;O
adore;O
voudra;O
querelles;O
actrice;O
croit;O
embrassa;O
allégresse;O
ravissait;O
départ;O
courut;O
acheter;O
copeaux;O
légers;O
jeta;O
coquelicots;O
champêtre;O
rustique;O
sensible;O
bergeries;O
arrivèrent;O
beauvaisienne;O
construit;O
sélevait;O
élégance;O
solidité;O
Ses;O
larges;O
divisées;O
carreaux;O
rondes;O
massif;I-MISC
myosotis;I-MISC
étouffé;O
feuilles;O
mousseuses;I-MISC
luisait;O
lherbe;O
cime;O
pétales;O
lécart;O
humble;O
touchant;O
communs;O
songer;O
Warens;B-PER
volets;O
peints;I-MISC
blanc;O
découpé;O
villageois;O
pied;O
vigne;O
fournissait;O
larrivée;O
fermés;O
épandue;O
parquets;O
dalles;O
polies;O
glissantes;O
sièges;O
rigides;O
coffres;O
tapisseries;O
pulsation;O
lente;O
dîna;O
coucha;O
retrouvé;O
puérilité;O
vacances;O
réjouissait;O
pleinement;O
passer;O
quoique;O
compagnie;O
fausse;O
ardeur;O
dintelligence;O
vouait;O
soucis;O
domestiques;O
tourments;O
relations;O
mondaines;O
Belle;B-MISC
demeurait;O
cinquante;O
Ayant;O
vieillissant;O
vertueuse;O
négligence;O
certaine;O
distrait;O
vif;O
sympathie;O
lhostilité;O
piété;O
visitait;O
reportait;O
aussitôt;O
couchers;O
page;O
Chateaubriand;I-PER
expliquer;O
création;O
Bible;O
lexistence;O
nécessaire;O
belle-fille;O
hôtesse;O
appliquée;O
cérémonieuse;O
salutations;O
empressements;O
tenaient;O
compte;I-MISC
réveilla;O
arrivée;O
rayée;O
tendue;O
perse;O
baisé;O
Une;B-MISC
chanvre;I-MISC
châtain;O
ornés;O
scène;O
comédies;O
Molière;B-PER
fleurie;O
évoquait;O
bergère;O
cornemuse;O
râteau;O
apporta;O
déjeuner;O
porcelaines;O
réjouir;O
dautrefois;O
villageoises;O
kaolin;O
illustrées;O
paysages;O
fard;O
grosses;O
tulipes;O
épanouies;O
Sucrier;B-PER
tasses;O
cafetière;O
disparates;O
prises;O
hasard;O
armoire;O
faisant;O
Rousseau;B-PER
Thérèse;B-PER
Toute;O
promenant;O
brillaient;O
riaient;O
tissé;O
chaud;O
argent;O
revêtu;O
laube;I-MISC
vêtement;O
touriste;O
coiffé;O
paillasson;O
pêche;O
filet;O
pisciculture;O
pêcher;O
ligne;O
instructive;O
raisonnée;O
réclamé;O
verrait;O
quaux;O
contents;O
errants;O
distinguer;O
paysage;O
heureuses;I-MISC
retrouver;O
souples;O
entretiens;I-MISC
habituels;O
recherchaient;O
fuyaient;O
tantôt;O
tilleul;O
mille;O
abeilles;O
remuantes;O
pelouse;O
traversaient;O
lièvres;O
fraîche;O
tonnelle;O
racontait;O
derniers;O
lus;O
pensé;O
Attentive;O
lentourait;O
notait;O
précise;O
ressentait;O
définies;O
loccupassent;O
présentes;O
méthodique;O
net;O
éliminait;O
formule;O
contrariait;O
dérangeait;O
accablée;O
déprouver;O
ployait;O
taciturne;O
absorbait;O
courbée;O
errant;O
naissant;O
pelucheuses;O
léparpillait;O
nostalgie;O
effilés;O
cloche;O
tinta;O
porcelaine;O
tintement;O
dansait;O
mousseline;O
dentelle;O
debout;I-MISC
frissonner;O
coulait;O
peau;O
peureuse;O
calice;O
éteint;O
hirondelles;O
ailes;O
posées;O
travers;O
barque;O
tangue;O
attendu;O
puisquil;I-MISC
dacacia;O
nervosité;O
nécessaires;O
possibles;O
souffrant;O
miracle;O
inévitable;O
mené;O
bords;O
inconnu;O
Qui;O
êtes;O
-je;O
cause;O
lilas;O
volonté;O
lattendait;O
parfumaient;O
fraises;O
vide;O
pots;O
bégonias;O
flaque;O
soirée;O
jetons;O
lénoncement;O
sendormait;O
séventait;O
nécessité;O
attirât;O
Remontée;B-LOC
lit;I-MISC
bougie;O
suspendu;O
cadre;O
médaillon;O
écrit;O
HENRIETTE;B-MISC
ANNE;I-MISC
DE;O
ROCHEGRANDE;B-MISC
MARQUISE;I-MISC
FONTENAY;O
MORTE;B-ORG
EN;O
1771;O
létroite;O
coiffure;O
poudrée;O
chamarrée;O
passementeries;O
frivoles;O
guirlande;O
artificiel;O
charmant;O
puéril;O
continuel;O
ombre;O
regardé;O
contemplait;O
fraternelle;O
créature;O
finis;O
mentant;O
poudre;O
lunivers;O
vision;O
délicate;O
inventée;O
Comment;O
osait;O
fines;O
fausses;O
déguisées;O
jetaient;O
douleur;O
dapparat;O
comédie;O
recevaient;O
mystère;O
sacrements;O
élégante;O
riante;O
courtoisie;O
voici;O
engourdie;O
voilaient;O
brûlaient;O
pastel;O
souriait;O
dauphine;O
ramages;O
ruban;O
tour;O
folâtre;O
Régent;B-ORG
Bien-Aimé;I-PER
Jhabitais;B-PER
Versailles;B-LOC
châteaux;O
Jétais;B-LOC
étions;I-MISC
cédaient;O
résistance;I-MISC
paré;I-MISC
orné;O
maisons;O
durant;O
fragile;O
impérissablement;O
murailles;O
boiseries;O
fontaines;O
temples;O
parcs;O
rubans;O
flottants;O
colombes;O
coquilles;O
coquille;O
principe;O
symbole;O
sentend;O
aisément;O
c;O
conque;O
dAphrodite;B-MISC
sortie;O
époque;O
parfumée;O
divine;O
menions;O
clavecins;O
danses;O
lentes;O
pâmées;O
échauffaient;O
nos;O
figuraient;O
convoitise;O
défaillance;O
aimions;O
bosquets;O
feuillages;O
rosée;O
également;O
adroites;I-MISC
sensibles;O
incrédulité;O
irrévérencieuse;O
fruit;O
goûtions;O
lamère;O
aigre;O
piquante;O
saveur;O
affaire;O
navons;O
autre;I-MISC
nétions;O
philosophes;O
encyclopédistes;I-MISC
géomètres;I-MISC
chimistes;O
astronomes;O
amants;O
aidé;O
œuvres;O
Voltaire;B-PER
madrigaux;O
chapitres;O
ouvrages;O
unes;O
dentre;O
lont;O
pratiqué;O
sauvagerie;O
soupirs;O
Lespinasse;I-MISC
trembler;O
tournent;O
pages;O
laissé;O
irritante;O
robes;O
pressé;O
jambes;I-MISC
dansantes;I-MISC
sétalent;I-MISC
noblement;O
belles;O
demeures;I-MISC
estampes;O
représentées;O
tressant;O
guirlandes;O
champêtres;O
lâchant;O
oiseaux;O
cage;O
dosier;O
rendent;O
folles;O
sensuelles;O
Nos;B-MISC
têtes;O
impudiques;O
blessaient;O
hanches;O
nues;O
nymphes;O
anciennes;O
ri;O
joué;O
musettes;O
Rameau;B-PER
soirs;O
cependant;O
Watteau;B-PER
jupes;O
crissante;O
_;O
grincement;O
voiture;O
sarrêtant;O
pencha;O
voyant;O
hâtivement;O
mise;O
enroulée;O
arrivait;O
oublié;O
fâchée;O
vêtue;O
sorte;O
pudeur;O
matinal;O
proche;O
lever;O
enchantait;O
parent;O
respect;O
ladmiration;O
sociale;O
Amère;B-PER
bruyante;O
profitait;O
initier;O
détails;O
contrariétés;O
santé;O
malséante;O
franche;O
continue;O
agaçait;O
garçon;O
lennui;B-PER
valeur;O
médiocrité;O
sèche;O
stoïque;O
comporter;O
assez;O
dintérêt;O
dagrément;O
superficiel;O
constituait;O
totalité;O
dhéroïsme;O
risqué;O
sujet;O
ordinaire;O
qualité;O
but;O
lintéressait;O
accorda;O
promenade;O
parlé;O
aimable;O
sobstinait;O
Seulement;O
parlerez;O
poisson;O
louïe;O
extrême;O
susceptibilité;O
discourait;O
savamment;O
linstant;O
bornait;O
côté;O
moquant;O
rit;O
rompit;O
définitivement;O
gêne;O
secret;O
dironie;O
devenir;O
utile;O
vitalité;O
renaissante;O
lenvie;O
laction;O
éprouverait;O
lhabileté;O
dautant;O
fallait;O
ruse;O
entrer;O
Quelques;O
voisins;O
rendre;O
visite;O
empoignait;O
accueil;O
précipité;O
emporté;O
farouche;O
rapt;O
divertissaient;O
gravité;O
attitudes;O
empressées;O
néant;O
futile;O
lessentiel;O
Voyez;B-MISC
Plessis;I-PER
laide;O
vieillissante;O
boite;O
nobiliaire;O
pense;O
rêche;O
mantelets;O
jais;O
conformes;O
idéal;O
lhéroïsme;O
sottise;O
grippe;I-MISC
pensera;O
transpirations;O
lincorrection;O
mondaine;O
appellent;O
scandale;O
injustices;O
maladie;O
pleurent;O
crient;O
décent;O
crier;O
contrainte;O
quune;O
pauvreté;O
violemment;O
imprégner;O
linstinct;B-PER
crie;O
sélance;O
tombe;O
humain;O
Moi;B-MISC
affirma;O
poursuivit;O
coup;O
rirent;O
linhabituelle;O
flatterie;O
rentrant;O
shabiller;O
juin;O
jonquille;O
respectueuses;O
soignées;O
compliquées;O
passages;O
descriptions;O
ressemblaient;O
style;O
intention;O
sachevait;O
suspens;O
brisait;O
équivoque;O
sentir;O
importance;O
shabilla;O
nouant;O
miroir;O
limage;O
brûlante;O
jeunesse;O
voulue;O
remercia;O
façon;O
remerciement;O
laise;O
mystérieux;O
laventure;O
gauche;O
lamitié;O
mintimidait;O
victoire;O
remportée;O
fermé;O
séparpillait;O
rires;O
éclats;O
attentions;O
rapprochait;O
jeu;O
posé;O
furtivement;O
obscurcissait;O
libre;O
insistance;O
aisance;O
dautorité;O
défends;O
jeter;O
carte;O
bête;O
surpris;O
embarrassé;O
journées;O
écourtées;O
perpétuelles;O
rencontres;O
chauffées;O
linterprétation;O
amoureux;O
pluie;O
visible;O
précipitamment;O
shabillant;O
sortant;O
recommençant;O
mettait;O
tel;O
craignait;O
Chantez;B-LOC
étonnement;O
naïf;O
fâché;O
arrogé;O
nappartenait;O
chanta;O
romances;O
attendries;O
inventent;O
troublée;O
délicates;O
palpitaient;O
étoiles;O
Curieuse;B-LOC
observait;O
pupilles;O
blonds;O
reflets;O
fermait;O
poursuivait;O
gorge;O
chantante;O
impressions;O
aiguës;O
habituelles;O
ordinairement;O
vaniteuse;O
précis;O
compter;O
réveils;O
lâge;O
sien;O
pareils;O
exactement;O
létaient;O
présente;O
prévenant;O
gâté;O
reconnaissant;O
Quoique;O
confidence;O
contrariée;O
aperçût;I-PER
ouvrit;O
ignorait;O
sûre;O
train;O
remarque;O
défendre;O
aggravait;O
reparlât;O
Ne;O
songeant;O
rappelé;O
quitteraient;O
Lidée;B-PER
attrista;O
entendu;O
reviendraient;O
gardaient;O
tombée;O
négligeait;O
faisons;O
dernière;O
errait;O
pesant;O
désignant;O
vieil;O
arbre;O
noix;O
épais;O
envahissait;O
sassit;O
entraînant;O
gazon;I-MISC
allée;I-MISC
étendu;O
contrarié;O
quitter;I-MISC
endroit;I-MISC
simplement;O
bel;O
ombrage;O
mollesse;I-MISC
odorante;O
corbeille;O
résédas;O
oxygène;O
tourne;O
pussent;O
vivifiants;O
sains;O
raisonnables;O
assis;O
vis-à-vis;O
genoux;O
haussés;O
cachaient;O
menton;O
brins;O
dherbe;O
mordait;O
remarquablement;O
plaignait;O
glissant;O
manche;O
chemise;O
manchettes;O
écartées;O
poignet;O
poli;I-MISC
fins;O
phalanges;O
dominer;O
dexercer;O
sattendrissait;O
descendait;O
lutte;O
moucherons;O
chassait;O
rejetant;O
désordre;O
glissait;O
agacement;O
profondeur;O
dacuité;O
néprouvait;O
vivement;O
prenons;O
rentrons;O
gai;O
marracher;O
traîner;O
bals;O
Osez;B-PER
lexcès;O
lexactitude;O
autrui;O
osez;O
bal;O
dors;O
dix;O
menteur;O
disputait;O
avide;O
nouveau;O
murmura;O
cardé;O
traîné;O
pattes;O
doiseaux;O
semplissaient;O
sourires;O
fabuleux;O
endroits;O
sables;O
orange;O
couler;O
jus;O
Entendez;B-PER
mésange;O
daiguiser;O
bec;O
prune;O
fendue;O
juteuse;O
Lombre;B-LOC
sasseoir;O
alluma;O
lueur;O
lallumette;O
cire;O
veine;O
bleu;O
dimaginer;O
flux;O
précieux;O
renversé;O
fredonnait;O
alléguant;O
saisir;O
appuyée;O
presser;O
éperdument;O
IV;B-PER
Jamais;I-MISC
moquait;O
demain;O
naurai;O
pressant;O
cétaient;O
courses;O
couturière;O
commandait;O
modèle;O
vieux;O
portraits;O
marchands;O
résistait;O
dacheter;O
Saxe;I-LOC
vieilles;O
soies;O
féminin;O
lépoque;O
ronde;O
bouquets;O
lamusera;O
bibelots;O
nouveaux;O
reviendra;O
quittés;O
respectueuse;O
réservée;O
descriptive;O
peint;O
dangélus;O
lettres;O
répétées;O
entendre;O
nose;O
prévoyait;O
amitié;O
tranquilles;O
Dauphiné;B-LOC
habitaient;O
juillet;O
jusquen;O
novembre;O
rappelant;O
lallure;O
romantiques;O
bruine;O
froids;O
durs;O
lexpression;O
secrète;O
cachée;O
devait;O
ressembler;O
Adolphe;B-PER
Benjamin;I-PER
Constant;I-PER
Werther;B-PER
lamant;O
Manon;B-MISC
ingénument;O
héros;O
véritablement;O
empreint;O
apparente;O
attachée;O
aucun;O
tort;O
soccupant;O
fréquenter;O
salons;O
réfléchir;O
emportement;O
montante;O
générale;O
plut;O
admirait;O
nettes;O
sèches;O
pressées;O
comparaison;O
apparaissaient;O
inférieurs;O
sempêcher;O
croire;O
souffrissent;O
amoindrie;O
maîtresse;O
aimé;O
affaiblissante;O
insouciance;O
rentrait;O
entraînée;O
compagnons;O
daudace;O
tumulte;O
percent;O
lance;O
seul;O
docteur;O
Faust;O
cerises;O
Florence;B-LOC
rattachaient;O
durement;O
intrigue;O
compliquait;O
dobscurité;O
attitude;O
habituelle;O
désiré;O
retenu;O
davantage;O
questionnait;O
ah;I-MISC
oreilles;O
gêné;O
bonhomie;O
insistances;O
retenir;O
refusait;O
obstination;O
vît;O
discrétion;O
naturel;O
irritait;O
liaison;O
innocente;O
prudence;O
nimaginant;O
pût;O
renoncer;O
rencontrait;O
guère;O
dentretiens;O
isolés;O
lentière;O
confiance;O
autorité;O
conseillait;O
dissuadait;O
coquetterie;O
plaindre;O
moindres;I-MISC
Quelquefois;O
souhaité;O
déliée;O
abondante;O
pâleur;O
persuadait;O
contenue;O
nobservait;O
volontiers;O
caractères;O
prudents;I-MISC
obstinés;O
veulent;O
raconter;O
travailleuse;O
souri;O
tranquillisé;O
présenté;O
amies;O
rejoignait;O
parties;O
retirait;O
toilette;O
complimentait;O
reprochait;O
eus;O
aimez;O
dévisagent;O
déclarent;O
avouait;I-MISC
disputaient;O
littérature;O
goûts;O
navaient;O
commun;O
sécoulaient;O
discours;O
paisibles;O
criaient;O
commençait;O
opinions;O
irritables;O
entraînait;O
candidature;O
traçait;O
simpatientait;O
sentendait;O
oh;O
formules;O
employait;O
délivrance;O
conversations;O
suivre;O
dangereux;O
repoussait;O
mêlait;O
fâchait;O
gardait;O
quiétude;O
courtoise;O
cherche;O
justement;O
V;B-PER
conseils;I-PER
encouragé;O
compositeur;O
Eugène;B-PER
Marsan;B-ORG
professeur;O
partition;O
dopéra;O
espérait;O
morceaux;O
concerts;O
œuvre;O
accepta;O
rendit;O
lappartement;O
quartier;O
agitation;O
défiant;O
craignant;O
déplaire;O
arrangement;O
limité;O
arrivant;O
levant;I-MISC
explosion;O
gravir;O
escalier;O
premier;O
étage;O
essoufflement;O
montée;O
occasionnait;O
emplie;O
compagnon;O
propre;O
parurent;O
audacieux;O
romanesques;O
pervers;O
lu;O
démarches;O
Sapho;B-MISC
celui;O
Bovary;I-PER
Rouen;B-LOC
clerc;O
Lorsquelle;B-LOC
charmée;O
connaissance;O
lumineuse;O
précieuse;O
mi-hauteur;O
groseille;B-LOC
danciennes;O
dincultes;O
embroussaillés;O
charmilles;O
usines;O
fumantes;O
sétalant;O
grandissant;O
toits;O
vapeur;O
dancolies;O
branches;O
cerisier;O
appuyées;O
sable;I-MISC
aquarelles;O
luth;O
ivoire;O
saperçut;O
ravie;O
biscuits;O
préparés;O
den;B-ORG
discuter;O
peintre;O
risqua;O
téméraire;O
obstinée;O
savaient;O
félicitait;O
remportait;O
offrant;O
sentretenait;O
remarqua;O
mot;O
pourrait;O
resté;O
bureau;O
éprouva;O
déplaisir;I-MISC
déchirer;O
frôlant;O
étagère;O
jetés;O
involontairement;O
tomber;O
ramassant;O
volume;O
secrets;O
Baudelaire;B-PER
offense;O
feuilleté;O
pudique;O
recherchait;O
déchirait;O
voluptueusement;O
sirritait;O
égratignure;O
Assise;B-LOC
attentive;O
approuvait;O
sadressait;O
Quimporte;B-LOC
avez;O
génie;O
quimporte;O
riche;O
Votre;B-MISC
talent;O
harmonie;O
viviez;O
aie;O
rencontré;O
voyez;O
venue;O
exprima;O
voudrait;O
dindifférence;O
tiers;O
feinte;O
inhabile;O
révélait;O
arracha;O
bouquet;O
jacinthes;O
corsage;O
venant;O
froissé;O
échangèrent;O
lincessante;O
question;O
hanta;O
chemins;O
imagination;O
recevant;O
suppliant;O
troublant;O
sanglotant;O
révélés;O
pleureraient;O
bougies;I-MISC
brûleraient;O
lustre;O
défaits;O
romantique;O
pure;O
delà;O
certaines;O
serai;O
ferai;O
jirai;O
chasserai;O
songe;O
taquine;O
défiance;O
entrassent;O
manières;O
continuait;O
cousine;O
assiduité;O
inerte;O
tenace;I-MISC
fatiguer;O
semmêlaient;O
quoiquil;O
voulût;O
tirait;O
Courbée;B-PER
deffort;O
halait;O
arrêté;O
lucidité;O
singulière;O
nonchalance;O
colères;O
réservées;O
faiblesses;O
lentendre;B-LOC
cigarettes;O
gênait;O
tressaillait;O
toux;O
ressenti;O
appel;I-MISC
sûrement;O
lintéressât;O
lattirât;O
commencé;O
plaire;O
excès;O
jalousie;O
réunion;O
musicale;O
layant;O
Allons;B-LOC
dici;O
prends;O
compris;O
mol;O
aventureux;O
habileté;O
guerrière;O
indifféremment;O
contempler;O
nombreux;O
formes;O
acuité;O
mortelle;O
lobscure;O
cils;O
narine;O
frêle;O
contractait;O
inquiétudes;O
rapides;I-MISC
vigilances;O
perspicacités;O
hostiles;O
soupçonneuses;O
Nayant;B-LOC
balancée;O
contradictoires;O
imposait;O
limite;O
naturels;O
VI;B-LOC
approchant;O
soccupèrent;O
flânait;O
seffrayait;O
rejoindrait;O
veille;O
réuni;O
dînait;O
honneur;O
rogue;I-MISC
laideur;O
choisie;O
témoignant;O
dadmiration;O
illustres;O
visité;O
musées;O
comptait;O
inculture;O
Laurent;I-PER
dAumont;B-MISC
frivole;O
René;B-PER
bénéficiait;O
exagéré;O
officier;O
silencieux;O
spirituel;O
plein;O
caste;O
brillant;O
possibilités;O
déchange;O
contradiction;O
réplique;O
confusément;O
intérieure;O
arriver;O
séparation;O
davec;O
placée;O
apercevait;O
graduellement;O
déception;O
défauts;O
rassure;O
parle;O
linvraisemblance;O
critique;O
puisse;O
soupçonnée;O
denvie;O
devint;O
sépouvantait;O
dents;I-MISC
damande;O
bourre;O
blonde;O
abondants;O
rêches;O
enroulés;O
tordus;O
maïs;O
causeries;O
mêlées;O
lumineux;O
détachement;O
prochains;O
départs;O
compétent;O
spécialiste;O
arrêter;O
passage;O
peser;O
attentif;O
dompteur;O
Lautre;I-MISC
renversant;O
dénoués;O
soulevée;O
Enivrée;I-PER
jettent;O
cris;O
lexalter;O
lépuiser;O
singulièrement;O
émouvant;O
avançait;O
hôtes;O
disposait;O
parti;O
reconduisait;O
décision;O
inexorable;O
lattendre;O
rentra;O
lumières;O
battues;I-MISC
ouvertes;O
clignaient;O
pliaient;O
touffes;O
dispersait;O
défaite;O
descendant;O
dentelles;O
traînante;O
prenaient;O
nerveux;O
tremblant;O
devriez;O
partez;O
front;O
arracher;O
pressa;O
restèrent;O
immobiles;O
endormis;O
dénouer;O
létreinte;O
parler;O
comprenant;O
revenue;O
élan;O
portée;O
Élan;I-PER
cherché;O
fuyante;O
lattacher;O
garder;O
mâle;O
maternelle;O
lâpreté;O
effort;O
connaîtrait;O
dapaisement;O
ait;O
brèves;O
défaillances;O
pressentait;O
combat;O
perfide;O
blessée;O
sacharne;O
regagner;O
ondoyant;O
allusions;O
échappait;O
questions;O
pressantes;O
défait;O
étreinte;O
rudesse;O
naurait;O
détente;O
dabandon;O
candidement;O
endormi;O
faveur;O
plénitude;O
jetée;O
wagon;O
portière;O
fuir;O
jardinières;O
banlieues;O
souffrait;O
amusé;O
délie;O
rêves;I-MISC
hésitants;O
lointains;O
séveilla;O
endolori;O
réveiller;O
séclairer;O
levait;O
larrêt;O
portières;O
mouillé;O
lavertirent;O
gagna;O
quai;O
gare;O
trempée;O
stationnaient;O
voitures;O
Contre;O
rosiers;O
frêles;O
frileux;O
montagnes;O
rapprochées;O
latmosphère;O
retrouva;O
imbibée;O
sources;O
visibles;O
devinées;O
mouillure;O
étendues;O
Ces;O
bosselés;O
vallonnés;O
soulèvements;O
plaines;O
herbeuses;O
bourgs;O
roulés;O
terrain;O
gênaient;O
espace;O
promènerait;O
routes;O
lamer;O
noyers;O
regrets;O
dimpatience;O
sappuya;O
joies;O
denfantin;O
poison;O
lavenir;O
toit;O
zinc;O
gouttes;O
VII;O
dirigé;O
renoncé;O
fonder;O
revue;O
socialiste;O
conférences;O
prochain;O
Dissertant;B-PER
bousculeur;O
courant;O
manœuvres;O
habiles;O
province;O
convaincu;O
matériels;O
aucune;O
nentrait;O
oscillait;O
dictature;O
radicalisme;O
lentraînait;O
sous-préfet;O
maires;O
syndicats;O
agricoles;O
prospérités;O
futures;O
électorale;O
familiale;O
précisait;O
vignes;O
blé;O
écoles;O
couronnait;O
papier;O
reconnaissance;O
manifestait;O
doté;O
commune;O
pompe;O
éprouver;O
lembarras;O
générosité;O
inoccupées;O
sadoucissait;O
gommes;O
harmonies;O
miel;O
effervescence;O
mouches;O
ivres;O
précipitées;O
voyageant;O
lœillet;O
double;O
tubéreuse;O
arrêtée;O
cercle;O
dense;O
nosait;O
émue;O
royaume;O
énorme;O
tournât;O
Apaisée;B-LOC
levée;I-MISC
chaudes;O
glisser;O
parois;O
imaginaire;O
préoccupait;O
attribuait;O
silences;O
vagues;O
langueurs;O
annonçait;O
daoût;O
Puisquil;B-LOC
puisque;O
ladieu;O
maime;O
Retombant;B-MISC
puérils;O
marquaient;O
laccalmie;O
troubles;O
fera;O
vaudra;O
démonté;O
rage;O
seront;O
jalouses;O
pleureront;O
tiens;O
divin;O
rend;O
multiple;O
divers;O
semblable;O
déesse;O
trois;O
Pendant;O
premiers;O
inquiet;O
surprenait;O
hésitante;O
renaissant;I-MISC
impatience;O
rencontrer;O
causé;O
proposa;O
délasserait;O
écrire;O
accompagner;O
queux;O
exact;O
demanderaient;O
laller;O
moqua;O
labandonna;O
remonter;O
invinciblement;O
rivait;O
semblant;O
chercher;O
journaux;O
traînaient;O
répétait;O
lai;O
remuant;O
application;O
devenait;O
improbable;O
lappela;O
pouvez;O
maimez;O
partons;O
Quittez;B-LOC
répondrait;O
prête;O
Ou;O
dirait;O
rirait;O
douloureusement;O
hors;O
intelligente;O
faites;O
attendait;O
parlât;O
graves;O
francs;O
lintimider;O
Certainement;B-PER
meilleur;O
Avant;O
navais;O
Quelquun;B-LOC
linfluence;O
attendit;O
bourdonnement;O
sonorité;O
terribles;O
fil;O
abîmée;O
calme;O
horrible;O
rigidité;O
sereine;O
dénergie;O
surhumaine;O
forcée;O
voulut;O
empêcher;O
put;O
sinterrogea;O
affreuse;O
allez;O
pressée;O
rappelle;O
urgente;O
saviez;O
obstinément;O
japonais;O
accroché;O
riz;O
divoire;O
nuages;O
représentaient;O
devenue;O
assisté;O
lhorreur;O
rompu;O
brisé;O
dressèrent;O
revivre;O
musculature;O
retombaient;O
remontaient;O
haute;O
arrivaient;O
bondissaient;O
lions;O
imprimant;O
écrasée;O
tuer;I-MISC
inouïes;O
maintenait;O
lattitude;O
lorage;O
rapidement;O
lapparence;O
tordre;O
rompre;O
succédaient;O
dabattement;O
balbutiait;O
intervalles;I-MISC
réguliers;I-MISC
rythme;O
discipline;O
adoucissante;I-MISC
uniforme;O
Voilà;B-PER
prenne;I-MISC
dirai;O
mourrai;I-MISC
tranquille;O
reposera;O
repose;O
tourna;O
brise;O
répandre;O
étendre;O
cendre;O
distinctement;O
peupliers;O
coteau;O
hébétée;O
rapprochés;O
inégaux;O
juste;O
dévasté;O
partout;O
tremblent;O
samuse;O
allégeant;O
brefs;O
sommeils;O
tenu;O
hirondelle;O
entrèrent;O
flèche;O
tournante;O
linonda;O
Mélancolie;B-PER
axe;O
Détresse;B-PER
secours;O
pleurs;I-MISC
éternel;O
repliement;O
dÈve;B-MISC
dAdam;B-MISC
spectacles;O
affaiblissent;O
pointe;O
quitta;O
tomba;O
espéra;O
entendue;O
dénouait;O
défaisaient;O
frappa;O
redressa;O
cria;O
nentre;O
nayez;B-PER
descendue;O
collait;O
bandelettes;O
trébucher;O
força;O
turent;O
Pleurez;B-PER
racontez;I-MISC
retenez;O
sassoupissait;O
séveillait;O
percée;O
stridents;O
sautait;O
secouait;O
cahots;O
répétés;O
emportée;O
hérissées;O
cruelles;O
souffrez;I-MISC
verrez;O
irrémédiable;O
minute;O
fraction;O
suffi;O
diviser;O
couper;O
plaine;O
morne;O
indéfinie;O
lamentait;O
harassés;O
goûtât;O
dair;O
lemmena;O
étonnée;O
balancées;O
épineuses;O
sappuyait;O
pénétrait;O
parcelles;O
Pourquoi;O
leau;O
bassin;O
ennemis;O
traversait;O
serpe;O
arrosoir;O
Cellelà;B-PER
rentrerait;O
coucherait;O
sendormirait;O
pesamment;O
brisement;O
sursaut;O
Combien;B-PER
scientifiquement;O
termes;O
médecine;O
laffaiblissement;O
sensations;O
-ils;O
quy;O
Quy;B-PER
VIII;B-MISC
contraignit;O
assister;O
forçait;O
lapplication;O
supportable;O
adressait;O
parole;O
distrayant;O
sûreté;O
nimporte;O
regoûtait;O
réseau;O
cordes;O
vocales;O
délicieuses;O
alla;O
tombeau;O
dormit;O
pressentant;O
atrocement;O
réveil;O
éveillée;O
libérerait;O
lenfant;O
futur;O
chair;O
puisquelle;O
mourait;O
reprendrait;O
établi;O
renoncement;O
entendit;O
gravier;O
matinaux;I-PER
promenaient;O
parlaient;O
lamie;O
obscur;O
labîme;O
pouvaient;O
ignorant;O
hostile;O
rayaient;O
grains;O
tremblerait;O
infini;O
dherbes;O
scintillantes;O
lazur;O
coupé;O
stores;O
baissés;O
horizon;O
violettes;O
haies;O
talus;O
cailloux;O
rails;O
sengouffre;O
passionné;O
seraient;O
comprimé;O
lèverait;O
prodigieux;O
mortel;O
irait;O
craintive;O
déserte;O
hautement;O
loiseau;O
violons;O
serrée;O
brûlés;O
entraîné;O
ruches;O
bruissantes;O
file;O
bassins;O
luisent;O
prolonger;O
recréer;O
lappel;O
glisse;O
bandes;O
plates;O
rames;O
battre;O
sauvages;O
reine;O
prés;O
campanules;O
potentille;O
obscurité;O
dombre;O
pièces;O
tient;O
ouvrirait;O
éviterait;O
romans;O
tragédies;O
choisirait;O
récit;O
deviendrait;O
patience;O
imaginait;O
lEspagne;B-MISC
taureau;O
Tourment;B-MISC
limagination;O
mesure;O
sévoquerait;O
physionomie;O
inconnues;O
chanterait;O
Tolède;B-LOC
Séville;B-LOC
Grenade;I-LOC
Cordoue;B-LOC
souhaiterait;O
larène;O
blessés;O
irrité;O
cirque;I-MISC
sanguinaire;O
troublerait;O
pâlir;O
cruauté;O
Sous;O
climat;O
goûteraient;O
alternances;O
lénervement;O
Brûlés;B-PER
désaltéreraient;O
boissons;O
marbre;O
tournerait;O
lassitudes;O
alourdi;O
nausées;O
mélancoliques;O
sieste;O
succéderaient;O
lalerte;O
ruelles;O
noires;O
appui;O
assombries;O
désolés;O
rigide;O
souffle;O
inégal;O
monterait;O
lamentations;O
ombres;O
apaisantes;O
caressantes;O
tendrait;O
étirée;O
allongée;O
Force;B-MISC
exaltée;O
prévaudrait;O
espoir;O
opposer;O
hâtive;O
ralenti;O
IX;B-ORG
suivaient;O
vînt;O
retirer;O
singulier;O
fatiguait;O
passée;O
lassiduité;O
solutions;O
favorables;O
ténacité;O
deviner;O
changer;O
limpassibilité;O
aisée;O
retiré;O
diminué;O
vaniteux;O
inconscient;O
modifiait;O
exaspérée;O
distraits;O
détourner;O
adoration;O
Afin;O
supporter;O
préférait;O
rechercher;O
remarquer;O
court;O
profil;O
gâtait;O
laid;O
antipathique;O
demi-heure;O
rassurée;O
reconnue;O
retombait;O
saignait;O
blessure;O
hagardes;O
voisin;O
retirée;O
aimerez;O
dinterrogation;O
naissait;O
shabille;O
met;O
couronnes;O
tulle;B-LOC
moitié;O
flacons;I-MISC
douter;O
brave;O
nentrerait;O
typhoïde;O
taches;O
désintéressé;O
observé;O
lirritait;O
endurait;O
fatigues;O
dhumilité;O
saigrissait;O
révoltait;O
haïr;O
causaient;O
harcelante;O
opposait;O
ennemie;O
essais;O
ironie;O
tacitement;O
découragement;O
morale;O
amaigri;O
révélation;O
émouvante;O
os;O
profonds;O
changée;O
organisait;O
consoler;O
nuisible;O
Quoiquelle;B-LOC
modifié;O
sentiments;O
légard;B-PER
léviter;O
faudrait;O
proposât;O
demandât;O
charger;O
traitait;O
ménageait;O
attendant;O
aborder;O
nuits;O
forces;O
droite;O
n;O
persuadant;O
conviendrait;O
occupations;O
vertu;O
exacte;O
fidèle;O
union;O
seules;O
sembler;O
Devine;B-LOC
tépouser;O
chercha;O
citait;O
efforts;O
signe;O
trompait;O
laissaient;O
lhumidité;O
refermée;O
enlevé;O
piquer;O
épingle;O
boule;O
dopale;O
fixant;O
gais;O
bons;O
attendre;O
épiait;O
enfantinement;O
roue;O
loterie;O
nommés;O
jimagine;O
sembrouillaient;O
ébahie;O
pauses;O
priée;O
ten;I-MISC
accueillait;O
lilluminait;O
pieuse;I-MISC
persuader;O
Laisse;B-PER
couché;I-MISC
remuait;O
pesait;O
Tombée;B-PER
datteindre;O
reculer;O
mariée;O
verrai;O
autant;O
Leurs;B-MISC
lourde;O
bouleversée;O
pendait;O
sacrifiée;O
couvertes;O
jupe;O
violette;O
dépassait;O
bordait;O
minces;O
écartés;O
leffort;O
sifflement;O
ébranlèrent;O
revenu;O
grillons;O
clignements;O
étendirent;O
nappes;O
répété;O
traînait;O
chuchotait;O
mystérieuse;O
Réfléchis;B-PER
décide;O
Sois;B-LOC
pardon;O
sainteté;O
X;B-ORG
promenait;O
projet;O
accoutumait;I-MISC
lacceptait;I-MISC
abeille;O
piqué;O
pharmacien;O
propose;O
exemples;O
assidu;O
correct;O
dattendre;O
réponse;O
décisive;O
montagne;O
durer;O
défiait;O
affaibli;O
fixait;O
trahisons;O
fierté;O
angoisse;O
souvenait;O
rebord;O
lueurs;O
jaunes;O
Sans;O
sarrêta;O
enlever;O
ému;O
aride;O
tentait;O
serraient;O
amèrement;O
cruelle;O
épouvantable;O
dura;O
détourna;O
résolue;O
encourageait;O
obsédée;O
croyais;O
cru;O
trompais;O
laissât;O
létonnement;O
juger;O
complications;O
échappaient;O
déférente;O
supposait;O
lappauvrir;O
limaginait;O
orgueilleuse;O
curieuse;O
rieuse;O
amers;O
malades;O
tendres;O
feraient;O
sattacher;O
Pour;B-MISC
défaire;O
inspirait;O
rassasié;O
incliner;O
rancunes;O
objectait;O
connue;O
braves;O
courageux;O
Sincère;B-PER
lénigme;O
difficiles;O
recommencements;O
aléa;O
danger;O
désirable;O
consentante;O
mensonges;O
prévus;I-PER
garaient;O
coquettes;O
orgueilleuses;O
celles;O
jugeait;O
sefforçant;O
relever;O
réjouit;O
quittât;O
témoignée;O
affectueux;O
entrés;O
muet;O
fatiguaient;O
nécessairement;O
simuler;O
laccidentelle;B-PER
réussissait;O
lexténuait;O
satisfaisait;O
sincère;O
arrive;O
événement;O
fiancés;O
taquinait;O
isolait;O
plaisanteries;O
jeté;O
sourd;O
vengeances;O
souffert;O
dentrain;O
dhabileté;O
poussant;O
échangée;I-MISC
linvisible;O
chaîne;O
empêchait;O
sécarter;O
bouleversait;O
donneuse;O
promener;O
exagérait;O
lhumilité;O
fâcherie;O
jouissait;O
gestes;O
touchantes;O
lattente;O
épuisés;O
chasteté;O
sassoient;O
tiennent;O
qu;O
réfugiait;O
revivait;O
candeur;O
recevait;O
nouvel;O
trouvé;O
vivacités;O
trousseau;O
obligation;O
rappeler;O
âgées;O
nombreuses;O
listes;O
cérémonie;O
invitations;O
cadeaux;O
nenvisageait;O
déménagement;O
trouvât;O
avancé;O
aspects;O
matins;O
trempés;O
gelés;O
essoufflés;O
chauffer;O
brûlent;O
déchiré;O
résine;O
pommes;O
pin;O
basses;O
disaient;O
atroce;O
quau;O
ouvre;O
clôt;O
bousculé;O
vivaient;O
magasins;O
intéressé;O
empaqueter;O
ancien;O
appartement;O
papiers;O
commencement;O
décembre;O
finissait;O
nêtre;O
Impatiente;B-PER
distraite;O
hâte;O
arriva;O
heure;O
léglise;O
humide;O
église;O
chauffage;O
cierges;O
égayaient;O
narrivait;O
voile;O
cortège;O
marche;O
lautel;O
gonflé;O
laissa;O
crever;O
orage;O
bougeait;O
prêtre;O
léloge;O
mérites;O
enduits;O
commencèrent;O
frémir;O
chants;O
dhommes;O
denfants;O
éclatèrent;O
tribune;O
hosanna;O
exténuant;O
darchanges;O
éperdus;O
ténor;O
irréligieuse;O
profane;O
imitait;O
barcarolle;O
lamante;O
langues;O
pâles;O
troublés;O
grandeur;O
étonnante;O
déchaîné;O
célébrer;O
jalouse;I-MISC
apparat;O
cieux;O
dexhaler;O
Vierge;B-PER
Ceux;O
doivent;O
appeler;O
désert;O
avancée;O
époux;O
pieux;O
triomphe;O
touchante;O
désarroi;O
contenu;O
mêlé;O
modestie;O
dorgueil;O
irréel;O
illuminé;O
Noël;B-MISC
Pâques;B-MISC
démotion;O
attendrissement;O
infinie;O
caresser;O
vivez;I-MISC
représenta;O
lItalie;B-MISC
vitesse;O
semaine;O
rupture;O
finale;O
dernières;O
fibres;O
cassèrent;O
Seconde;B-MISC
Suresnes;B-LOC
Sèvres;B-LOC
didentique;O
sincérité;O
subtilités;O
veines;O
plaisantait;O
charnel;O
rond;O
modelaient;O
croisait;O
pays;O
sucre;O
montrait;I-MISC
Mont-Valérien;B-LOC
nobles;O
remarquez;O
laides;O
précieuses;O
exemple;O
tuiles;O
ardoises;O
cour;O
brouette;O
balayeur;O
balai;O
tableaux;O
charmants;O
vignettes;O
allemand;O
dAlsace;B-MISC
nid;O
cigognes;O
réfléchit;O
provinces;O
persanes;O
enfoui;O
fuse;O
lhaleine;O
serpents;O
entend;O
luxe;O
retombe;O
meurt;O
carpe;O
bulles;O
étangs;O
fables;O
Fontaine;I-MISC
souvenez;I-MISC
flotter;O
ondes;O
françaises;O
livrait;I-MISC
abondamment;O
théories;O
parfois;O
époques;O
couverture;O
illustrée;O
utopistes;O
demi-soleil;O
rayons;O
nets;O
germe;O
visiblement;O
grêlons;O
dérangeraient;O
justice;O
humaine;O
explique;O
voué;O
signes;O
douvriers;I-MISC
plâtre;I-MISC
douces;O
résignation;O
lharmonie;O
spectacle;O
ouvrait;O
lobjection;O
dhumanité;O
vis;O
confortablement;O
donnes;O
collier;O
fortune;O
habitudes;I-MISC
intelligentes;O
perles;O
servi;O
ladhésion;O
résidaient;O
essentiel;O
imprégnait;O
nallait;O
vérité;O
indispensable;O
mutilation;O
labsolu;O
adroite;O
obscure;O
confondre;O
coutume;O
délinquants;O
coupables;O
atavique;O
rigueur;O
justifiable;O
raisonnement;O
arbitre;O
pourrais;O
commettre;O
actes;O
linvolontaire;O
savants;O
établissaient;O
lirresponsabilité;O
libérer;O
instruits;O
causes;O
actions;O
humaines;O
irriter;O
condamner;O
misère;O
mène;O
voler;O
nourrie;O
dingénuité;O
appelés;O
tribulations;O
quobservateurs;O
exacts;O
mesurassent;O
atténuation;O
apportée;O
violences;O
primitives;O
quainsi;O
renseignés;O
suivissent;O
œil;I-MISC
oser;O
parcours;O
révolte;O
linvective;O
meurtre;O
agacé;O
venger;O
soutenaient;O
répliquait;O
criminels;O
promènent;O
lagrément;O
fous;O
sanguinaires;O
supprimer;O
débarrasser;O
oppression;O
délivrer;O
loi;O
relèvement;I-MISC
valait;O
bagne;O
pitoyable;O
épargnerait;O
touchât;O
causant;O
réforme;O
mentale;O
lhygiène;O
approuvaient;O
lévidence;O
fâchaient;O
sentimentales;O
soutenait;O
jaloux;O
sachant;O
vaut;O
sindigna;O
désespérés;O
janvier;O
revinrent;O
glaciale;O
harcelés;O
poussière;O
habitués;O
complétaient;O
vies;I-MISC
proches;O
rythmées;O
jumelle;O
pareilles;O
hochant;O
logeait;O
mobilier;O
traditionnel;O
vénérable;O
satisfait;O
guindé;O
aimais;O
rêveur;O
douloureux;O
Heine;I-PER
amertume;O
partager;O
connût;O
touchaient;O
prudent;O
octobre;O
comédienne;O
briser;O
aventureuse;I-MISC
jalousies;O
définitive;O
menaces;O
agréablement;O
souffrit;O
élancements;O
disparut;O
certain;O
regrettait;O
plaisantant;O
sattarde;O
malsaines;O
querellé;O
résolutions;O
hantise;O
nommé;O
maire;O
charge;O
fréquents;O
voyages;O
écourtait;O
dérangeaient;O
fixe;O
revenait;O
lassée;O
contemplant;O
Trocadéro;B-LOC
brouillard;O
minuit;O
sacré;O
shabituait;O
maillot;O
dacier;O
lutteurs;O
jongleurs;O
parée;O
penchée;O
loge;O
tourmentés;O
peintes;O
Bengale;B-LOC
protectrice;O
choisir;O
ira;O
chargées;O
couleurs;O
perdrons;O
perdrai;O
lami;O
égayait;O
inquiétude;O
persista;O
agissait;O
modifia;O
prît;O
Plus;O
choix;O
remplacèrent;O
lesquels;O
Parme;B-PER
coupe;O
exhaler;O
intentionnellement;O
phosphorescent;O
remué;O
dits;O
découter;O
réfléchissaient;O
absurdement;O
veilleurs;O
phares;O
disparaissaient;O
discussion;O
ramenaient;I-MISC
ressorts;O
affaiblis;O
tranquillité;O
attaché;O
naître;O
grandissait;O
sexpliquait;O
plan;O
régions;O
profondes;O
pesaient;O
harassé;O
privé;O
intelligence;O
intimité;O
amusait;O
reproches;O
gaspillage;O
rassurait;O
ségayait;O
scrupules;O
ta;O
faute;O
tôt;O
tourmenter;O
restrictions;O
pures;O
source;O
tendresses;O
maternelles;O
soulageait;O
plutôt;O
Laccord;B-LOC
intelligences;O
semparait;O
acquiescements;O
complète;O
nexistait;O
lavoir;O
laimer;O
éprouvât;O
lentends;O
retorse;O
sournoise;O
rassasiait;O
distrayait;O
manqua;O
Anzin;B-LOC
grève;O
consolait;O
absence;O
controverse;O
froides;O
foule;O
clameur;O
contient;O
sacrifice;O
sacrée;O
victoires;O
populaires;O
rangs;O
chaises;O
promeneuses;O
tonne;O
Danton;B-PER
renversée;O
questionna;O
impatiemment;O
ouvriers;O
raconta;O
tué;O
cavalerie;O
camarades;O
funérailles;O
Quelle;O
ressemblant;O
mineurs;O
Constantin;B-PER
Meunier;I-PER
culotte;O
sueur;O
colle;O
lInternationale;I-PER
sonorités;O
Marseillaise;I-MISC
dameutement;O
scandement;O
impétueux;O
refrain;O
sent;O
viennent;O
rejoignent;O
groupent;O
élargissent;O
rues;O
pressés;O
infinis;O
nombre;O
cent;O
lhéroïque;O
réclament;O
raisonner;O
créent;O
symboles;O
sentons;I-MISC
puissance;O
sémouvoir;O
faim;O
quotidienne;O
verbe;O
exalte;O
Nest;B-PER
sourde;I-MISC
sensualité;O
souviens;I-MISC
bagarre;O
mégarde;O
riches;O
pénétraient;O
mordaient;O
uns;O
poussés;O
poussaient;O
excusaient;O
Lun;B-LOC
veste;O
étudiant;O
cabossé;O
mèche;O
lœil;O
javais;O
absolue;O
parlais;O
vissent;O
quaucun;O
étrangement;O
baissées;O
diffusaient;O
tels;O
consacrait;O
économiques;O
statistiques;O
évidente;O
difficilement;O
vues;O
compréhension;O
nette;O
morcelée;O
privait;O
densemble;O
permettent;O
possession;O
pensant;O
léprouvait;O
interdisait;O
affirmations;O
causait;O
généralement;O
doctrines;O
nouvelles;O
adroits;O
inoffensifs;O
confus;O
irritaient;O
lois;O
distinction;O
remis;O
soucieusement;O
aigrement;O
permettait;O
personnelle;O
lopéra;O
achevait;O
aidait;O
sattendrir;O
joyeuse;O
aventures;O
paraissaient;O
accomplies;O
demander;O
distinct;O
contentait;O
visiter;O
éclairée;O
hauteur;O
voilée;O
sinterrompaient;O
direction;O
limpulsion;O
lélan;O
ramenait;O
universelles;O
tentatives;O
intentionnées;O
interrogations;O
énoncées;O
confesseur;O
médecin;O
passionnément;O
répand;O
trahit;O
vos;O
perspicace;O
délires;O
soffensait;O
ordinaires;I-MISC
compression;O
augmenté;O
février;I-MISC
arrêta;O
fiacre;O
ramener;O
hésitant;O
léquivoque;O
sinquiéta;O
cahotante;O
vitres;O
sonnaient;O
mît;O
remerciait;O
tourmentait;O
dévierait;O
entrerait;O
close;O
réverbères;O
rouvert;O
rôdeur;O
assassin;O
prompts;O
Donc;B-PER
meilleure;O
pire;O
souffrît;O
perdait;O
tempêtes;O
baie;B-LOC
durait;O
renouvelait;O
blessait;O
états;O
desprit;O
linsouciance;O
enfantines;O
Jusquà;B-PER
tourmenté;O
arrangé;O
compliquer;O
affaires;O
lacérait;O
soupçon;O
infidélités;O
subtiles;O
finies;O
lardente;O
Cétaient;B-ORG
sorties;O
sût;O
aimerait;O
fixité;O
étroit;O
incertaine;O
lunique;O
natal;O
mouvantes;O
trompeuses;O
perverses;O
distinguait;O
féminines;O
principaux;O
dissimulation;O
tempes;O
nuances;O
percevait;O
invente;O
emploie;O
blesser;O
intarissables;O
suffisait;O
Autrefois;O
exigeante;O
faite;O
possède;O
sûr;O
lagaçait;O
verrons;I-MISC
Venez;B-LOC
Bibliothèque;B-ORG
Nationale;I-ORG
travaille;O
promènerez;O
Manuscrits;B-MISC
Gravures;B-MISC
vivifiant;O
forêts;O
salles;O
lieux;O
souffrirait;O
traînés;O
laubépine;O
faisceaux;O
darbres;O
fagots;O
levés;O
couvraient;O
pointes;O
semis;O
verts;O
gluantes;O
sentaient;O
térébenthine;O
mou;O
déplaisaient;O
redoutait;O
nécoutait;O
sirritant;O
régénérescence;O
empêchera;O
déclin;O
Laissez;B-MISC
marge;O
employer;O
perpétuelle;O
Pas;O
interrompait;O
degrés;O
essayant;O
préméditait;O
déguisement;O
ceinture;O
poignard;O
encline;O
obscures;O
paraboles;O
histoire;O
denfance;O
grondait;O
emploieraient;O
dédaignait;O
confident;O
conseiller;O
couches;O
tièdes;O
âcres;O
emmêlées;O
roulait;O
lenfantin;O
caillou;O
amuser;O
coalition;O
affectueuse;O
repoussé;O
méchant;O
insolent;O
coude;O
lemmener;O
taiment;O
ripostait;O
médiocre;O
journaliers;O
sobserva;O
lemplissait;O
remords;O
daffreux;O
sentimentaux;O
denfant;O
sest;O
méchamment;O
étrennes;O
reçues;O
inviolable;O
bouleversé;O
Dominique;B-PER
Daimer;I-PER
sennuyer;O
mentir;O
fourbe;O
ingrat;O
Aussi;O
lacs;O
insectes;O
lamusait;O
sétaler;O
hors-dœuvre;O
tranches;O
tomates;O
crues;O
céleris;O
craquants;O
joncs;O
gardant;O
olives;O
roulées;O
noyaux;O
poissons;O
étranglés;O
poivre;O
plats;O
dattente;O
Bohême;B-LOC
Naples;B-LOC
chef;I-MISC
lorchestre;O
prestidigitateur;O
réussite;O
abaissait;O
tons;O
rusée;O
accéléré;O
déraper;O
Était;O
halte;O
décors;O
clinquants;O
Nétait;B-PER
quavait;O
monotonie;O
peuplait;O
blancheur;O
réveillait;O
lannée;O
chauds;O
automne;O
courir;O
noisetiers;O
chevillées;O
capuchons;O
noisettes;O
laurore;O
gommée;O
doctobre;O
lanis;B-LOC
raisin;O
commodes;O
ventre;O
rebondi;O
tapis;O
châle;O
aïeule;O
franges;O
cachepots;O
écrans;O
faille;O
raide;O
cresson;O
objets;O
Sablière;I-PER
Lucile;I-PER
Hortense;B-PER
sorganiser;O
rêveuse;O
reconnaissait;O
familièrement;O
poser;O
irritations;O
nervosités;O
peiné;O
Voyant;O
linsécurité;O
somptueuses;O
accordé;O
lésé;O
eue;O
létait;O
protégeait;O
insu;O
perdre;O
soigneux;O
dernier;O
attristé;O
déconcerté;O
camarade;O
discret;O
égal;O
reproché;O
maniement;O
cesser;O
oubliés;O
maladroitement;O
essayaient;O
recommencer;O
désenchantement;O
tournait;O
résonner;O
jusquaux;O
déceptions;O
saute;O
lavés;I-MISC
ménager;O
vieillirait;O
mourrait;O
écarté;O
disposée;O
courageusement;O
demeurassent;O
confiants;O
sagitaient;O
linquiétude;O
moyens;O
organisa;O
Seine;O
loué;O
lembarquement;O
lavant;O
coupant;O
fondait;O
jaillissait;O
bougeaient;O
simulaient;O
côtés;O
fleuve;O
berges;O
Saint-Cloud;B-LOC
frustes;O
prétentieuses;O
peintures;O
italiennes;O
découpures;O
mauresques;O
chaux;O
dôme;O
terrasse;O
lOrient;B-LOC
flûte;O
tunisienne;O
dru;O
bâtiment;O
gravures;O
jaunissait;O
pipes;O
décume;O
fumeux;O
canaux;O
Hollande;B-LOC
côtes;O
barques;O
marchandises;O
plongeaient;O
remuée;O
sallongeaient;O
froissées;O
plissées;O
accordéon;O
émouvait;O
goudron;O
lanterne;O
déconcertait;O
signification;O
Épouvante;B-ORG
baisers;O
Juliette;B-PER
solitaire;O
sarrachait;O
rossignols;O
pleurez;O
grenouilles;O
broyez;B-MISC
mous;O
recouverts;O
désolées;O
perçoivent;O
sanglots;O
poitrines;O
partait;O
frère;O
Bourgogne;B-LOC
travaillerait;O
souviendra;O
passe;O
malle;O
prévoyant;O
deffusion;O
serrant;O
échangerait;O
lintimité;O
referait;O
wagons;O
commençaient;O
refermer;O
Dépêchez;B-PER
montez;O
oubliant;O
larrachement;O
couvrirent;O
fortement;O
serra;O
garda;O
hâtait;O
familier;O
sécouler;O
lorsquelle;O
reçut;O
passerait;O
Suisse;B-LOC
viennoise;O
-on;O
fâcher;O
seconde;O
vertueuses;O
néprouvent;O
léternel;O
descendent;O
abîmes;O
veuves;O
travailler;O
tiroirs;O
trahi;O
dut;O
résigner;O
lappelait;O
élections;O
fixées;O
sinstallaient;O
disposa;O
rejoindre;O
Genève;B-LOC
densité;O
lac;O
soulevaient;O
portaient;O
cygnes;O
lîle;O
Jean-Jacques;B-PER
Du;I-PER
grésillait;O
murs;O
trottoirs;O
hauts;O
monuments;O
mener;O
Ferney;B-LOC
trajet;O
préoccupée;O
daprès;O
traversé;O
fontaine;O
sortaient;O
lécole;O
ombragée;O
sapins;O
poussa;O
barrière;O
linon;O
humides;O
champignons;O
pendantes;O
foncés;O
lallée;O
filer;O
vol;O
énervés;O
imperceptible;O
rouet;O
inculte;I-MISC
lassiette;I-MISC
pissenlit;O
fléole;O
pointue;O
recouvertes;O
marches;O
arceau;O
abritait;O
couloir;O
broderie;O
ciseaux;O
savançait;O
austère;O
relevés;O
inflexible;O
déplut;O
dirent;O
masquer;O
volubilité;O
embarras;O
entassait;O
posant;O
continuant;O
différents;O
froideur;O
communes;O
élevées;O
sérieuse;O
réprimande;O
redevenir;O
modération;O
prévenu;O
conduisit;O
plancher;O
verni;O
craquait;O
fermée;O
appela;O
accourut;O
Alice;B-PER
tavais;O
pensionnaire;O
habiter;O
villa;O
logée;O
commode;O
promit;O
quenlever;O
couvert;O
clématites;O
arranger;O
glace;O
lexamen;O
féminins;O
plissée;O
taquinant;O
tourmentez;O
cabinet;O
convenait;O
ajustement;O
coquette;O
défaut;O
quont;O
touffu;O
oiseau;O
plumes;O
aiguilles;O
vertes;O
pins;O
nentendait;O
crépitement;O
latent;O
enregistrait;O
aspirations;O
régulières;I-MISC
prêtant;O
ombrelle;O
conduire;O
connaissons;O
appelez;O
linterrogation;O
autoritaire;O
différence;O
âges;O
nétonnait;O
précocement;O
mûrie;O
appris;O
quayant;O
tantes;O
posait;O
parlons;O
sentretenir;O
studieuse;O
accepte;O
saccroissait;O
dAllemagne;B-MISC
légendes;O
blanches;O
habitent;O
foyer;O
plaisaient;O
sasseyaient;O
peinte;O
brodait;O
sarrêtaient;O
détachés;O
révèle;O
papillon;O
violet;O
houppe;O
sauvage;O
couraient;O
respectaient;O
mutuellement;O
lemportement;O
personnes;O
enclines;O
pensent;O
charité;O
semployer;O
ménageaient;O
contes;O
cadeau;O
histoires;O
fées;O
nempêche;O
nains;O
boire;O
dents-de-lion;O
linterminable;O
colimaçons;O
Vos;B-PER
minutieuse;O
potager;O
ruche;O
souricière;O
Perrault;B-PER
sadressent;O
innocence;O
traitent;O
prodigalité;O
Peau;B-MISC
dÂne;I-MISC
prince;I-MISC
continence;O
gâteau;O
trempèrent;O
bien-aimée;O
faiseuse;O
ressemblent;O
interviennent;O
humains;O
Lorsque;O
lheureuse;O
influence;O
pavée;O
boutiques;O
rangeaient;O
létroit;O
trottoir;O
statue;O
fixé;O
grandes;O
gloires;O
bourg;O
envoyât;O
servantes;O
illustre;O
Lautomne;B-LOC
corbeilles;O
ouvrage;O
créatures;O
température;O
couloirs;O
fleuris;O
habitable;O
contentes;O
cherchent;O
fraîches;O
retirât;O
troupeaux;O
paissaient;O
pente;O
cloches;O
cognaient;O
fume;O
abattues;O
incurvées;O
hérisson;O
coques;O
marchant;O
dautomne;O
pâte;O
gâteaux;O
sortait;O
hymne;O
Ô;B-MISC
ennoblissez;O
bœuf;O
cheval;O
travaillent;O
mare;O
village;O
tas;O
vicinale;O
monnaie;O
prodigue;O
abandonnée;O
candide;O
recouvert;O
cymbalaire;O
sapin;O
superposées;O
samusaient;O
goûtée;O
vitré;O
flambait;O
vierge;O
sentirez;O
promesse;O
pacte;O
Lausanne;B-LOC
protestante;O
ressemble;O
perfection;O
naimaient;O
Égypte;B-LOC
Lorsquil;I-LOC
fallut;O
préféra;O
fermer;O
quittaient;O
pourraient;O
changerait;O
François;B-PER
Sales;I-PER
causent;O
mères;O
sassurent;O
gagnée;O
Troisième;B-MISC
timidité;O
MICHELET;B-ORG
retrouvèrent;O
recommença;O
égale;O
prévoit;O
retournait;O
supporte;O
lavenue;O
closes;O
marrons;O
espéré;O
soutien;O
passèrent;O
aujourd;O
hui;O
Figure;B-MISC
rendez-vous;O
service;O
maveugle;O
fasse;O
connaît;O
prie;I-MISC
gentille;O
diras;I-MISC
désolé;O
recommandation;O
désire;O
universités;O
Berlin;B-LOC
insistait;O
plaignant;O
daller;O
rapporter;O
Tournon;B-LOC
encombrée;O
salua;O
ailleurs;O
dérangé;O
Riant;B-PER
dissiper;O
lentendait;O
exprimait;O
exposa;O
écrivit;O
dadresses;O
sortit;O
labat;O
chauffait;O
charbon;O
feuillets;O
fiches;O
tapisserie;O
asseoir;O
songea;O
men;O
irai;O
reverrai;O
jaurais;O
refera;O
édition;O
Essais;B-MISC
Michel;B-PER
Montaigne;I-PER
remit;O
écrite;O
Dante;B-PER
louvrit;I-MISC
chétive;I-MISC
agitée;I-MISC
lintéressa;O
docilité;O
texte;O
sécartait;O
amuseront;O
viendrai;O
jeudi;O
huit;O
dérange;O
lintérêt;O
tendit;O
lentrée;O
mavais;O
quarante;O
montrer;O
volumes;O
retournerai;O
choisi;O
quatre;O
passées;O
annoncé;O
lennuyait;O
prévenir;O
redoutant;O
paraître;O
capricieuse;O
enleva;O
chaise;O
décidée;O
plaignit;O
sinstalla;O
élément;O
mettrait;O
Monsieur;B-PER
affreusement;O
Asseyez;B-ORG
ennuie;O
nosa;O
parlèrent;O
froissée;O
tut;O
Sil;B-MISC
plaît;I-MISC
montrez;I-MISC
collection;O
laissée;O
sexcusa;I-MISC
redescendirent;O
retenait;O
statuettes;O
dessin;O
croyez;B-MISC
distrairait;O
mennuie;O
travaillez;O
moccupe;O
ennuyeux;O
philosophie;O
pensez;O
quels;O
difficulté;O
samedi;I-MISC
Collège;B-LOC
referma;O
populaire;O
dessinait;O
tableau;O
morbides;O
contraction;O
sanguine;O
Mal;I-PER
laborderait;O
demanderait;O
ladresse;O
sculpteur;O
neut;O
sembarrasser;O
allégée;O
incroyablement;O
brûlait;O
rouges;O
ongles;O
cerne;O
contrariés;O
grillage;O
défendue;O
substituer;O
détaillait;O
analysait;O
Lénergie;B-MISC
dépensée;O
affaiblie;O
amaigrissait;O
gant;O
serrait;O
contournait;O
joints;O
allongés;O
inertes;O
emplis;O
mouvante;O
lintriguait;O
bouge;O
lenteur;O
soudaine;O
maniérée;O
dure;O
Lépaule;B-PER
crucifiés;O
lassitude;O
simulée;O
lextraordinaire;O
ambiante;O
labattait;O
inquiète;O
affolée;O
lapparente;O
écran;O
noie;O
trompée;O
établie;O
larrachait;O
assure;O
détendre;O
pesa;O
sappuyant;O
glacées;O
griffaient;O
sendormant;O
détachait;O
pouls;O
assura;O
sexcusait;O
redevenue;O
indépendante;O
maladresses;O
tours;O
stupides;O
Joubliais;B-PER
pars;O
atelier;O
Jean-Bart;B-PER
vendredi;O
eh;O
mensonge;O
délai;O
étourdissement;O
serpentait;O
réservoir;O
domestique;O
habitant;O
limaginât;O
néanmoins;O
distant;O
incertain;O
natteint;O
quaprès;O
ennoblie;O
souffrante;O
confession;O
demi-confidences;O
manqué;O
détacher;O
recommençons;O
pantoufles;O
dégoûtée;O
daucun;O
moustache;O
citer;O
rythmée;O
décommander;O
entrevue;O
redouter;O
tellement;O
Cet;O
poêle;O
changeant;O
sencadrait;O
carrée;O
construire;O
scies;O
camion;O
parut;O
réjouie;O
sentît;O
ladmirait;O
respectait;O
lart;O
dessins;O
cartons;O
sentirent;O
gaz;O
abat-jour;O
éclairait;O
énormément;O
coupable;O
dinattention;O
jouée;O
simulé;O
indifférence;O
punie;O
rangeait;O
meuble;O
allumé;O
moral;O
amenait;O
dépérissements;O
Puisque;O
occupez;O
lénergie;O
biologie;O
rejeta;O
dinspiration;O
regardât;O
mavez;O
traversèrent;O
larmoire;O
poignets;O
vivacité;O
changeante;O
permit;O
surprendre;O
fixer;O
nentendrait;O
vain;O
forcé;O
lintolérance;O
distante;O
réfléchissait;O
lâcha;O
baissé;O
têtu;O
Allez;B-LOC
demandais;O
obligé;O
écouter;O
empoisonnée;O
aimiez;O
naimiez;O
Quest;B-MISC
métiez;O
Javais;B-MISC
jétais;O
étiez;O
dangereuse;O
regardiez;I-MISC
acharnés;O
oubliais;O
nétiez;O
pensais;O
sentais;O
mintéressait;O
reveniez;O
livrés;O
quaucune;O
ayez;O
hagarde;O
nosaient;O
rapprocher;O
sélever;O
lobligeait;O
renverser;O
battantes;O
résister;O
étouffement;O
amincis;O
lèvres;O
relevées;O
serrées;I-MISC
mordant;O
pli;O
rapproché;O
ceût;O
immobile;O
Cassez;B-PER
Tous;O
traits;O
changés;O
âcre;O
oscillation;O
courbé;O
rencontrèrent;O
entièrement;O
Dès;O
lors;O
rideau;O
luttait;O
pureté;O
involontaire;O
droiture;O
lobsédait;O
transparence;O
contact;O
Jeune;B-MISC
mariant;O
lembrassement;O
détacha;O
souhaita;O
soigneusement;O
profondément;O
boit;O
tièdement;O
balbutiant;O
suivit;O
rentrée;O
recevoir;O
cahotées;O
amant;O
déconcertante;O
défi;O
acte;O
souhait;O
coutumiers;O
joyeux;O
consolé;O
Seule;O
Presque;O
hélait;O
ténèbres;O
lAncienne;I-LOC
Comédie;I-LOC
trouverait;O
abattue;O
souvrait;O
clignés;O
regarde;I-MISC
Puis;I-MISC
choc;O
fixement;O
houleux;O
défaillant;O
balançoire;O
coupures;O
accablants;O
transports;O
marchaient;O
désunir;O
répandue;O
entière;O
neussent;O
rougeoyait;O
fentes;O
soufflait;O
compacte;O
hallucinée;O
monter;O
pointu;O
enivrée;O
étouffer;O
avalé;O
rayonnaient;O
muse;O
bronze;O
Six;O
étreignaient;O
gouache;O
dessence;O
tendaient;O
sensibilités;O
brisaient;O
admirablement;O
accordés;O
désiraient;O
vigoureux;O
dallonger;O
deffiler;O
courbure;O
éternellement;O
masseoir;O
mendormir;O
lavez;O
exactitude;O
continuellement;O
refont;O
louvrier;I-MISC
Luxembourg;I-LOC
parliez;O
bougiez;O
hantée;O
crispé;O
jusquoù;O
jétende;O
entier;O
gorger;O
Nêtes;B-PER
ivre;I-MISC
Penché;B-LOC
amenées;O
intriguer;O
serviteur;O
écrivant;O
rejetait;O
tremblantes;O
délices;O
venues;O
expliqua;O
lImagination;B-MISC
labsorption;O
ravi;O
reposé;O
dexactitude;O
Chacun;B-MISC
éblouissement;O
aigus;O
arides;O
sifflants;O
peureux;O
épinglait;O
détestait;O
verraient;O
onduleux;O
tanches;O
eaux;O
limpides;O
saisissait;O
murmurait;O
Tais;B-MISC
livresse;O
iras;O
sécriait;O
naiment;O
suffit;O
pouvais;O
maurait;O
allais;O
davenir;O
inconsolable;O
démente;O
aura;O
malheur;O
souffrirais;O
tadore;O
neusse;O
éclairés;O
rapporte;O
sachent;O
dIseult;B-MISC
ramassés;O
serrer;O
creusait;O
boisson;O
noient;O
poumons;O
remarqué;O
considérer;O
invisible;O
donnât;O
prêtât;O
assidûment;O
fréquemment;O
arraché;O
mordre;O
expressions;O
copier;O
composait;O
absent;O
sapercevoir;O
perspicacité;O
avril;I-MISC
modelait;O
brun;B-PER
napparaissaient;O
dÉgypte;B-ORG
dAsie;B-PER
Mineure;I-PER
palmiers;O
jinvente;O
Voir;O
Grèce;B-LOC
Anatolie;B-PER
vivrais;O
tes;O
souliers;O
sattristait;O
pleurât;O
tendus;O
pleure;O
pleurais;O
éternels;O
lobscur;O
voudraient;O
tût;O
sendormir;O
descendre;O
penché;O
létude;O
dhabitude;O
naie;O
sétant;O
réjoui;O
prêt;O
réaliser;O
lembrassait;O
prononçat;O
fâcha;O
répéter;O
habites;O
Balzac;B-PER
lendroit;O
Musset;B-PER
quici;O
quartiers;O
sentent;O
chanson;O
leçon;I-MISC
étudiants;O
barbes;O
Rolla;B-PER
compotiers;O
vitrine;O
regardent;O
inusitée;O
sefforça;O
bêtement;O
épars;O
laccent;O
blessé;O
flots;O
lépouvante;O
Assieds;B-MISC
forçant;O
cries;O
mont;O
paru;O
craintifs;O
méfiants;O
remise;O
mêlent;O
reproche;O
réalité;O
sagissait;O
déchirant;O
effroyable;O
domina;O
reprise;O
maimer;O
tremblante;O
horreur;O
délucider;O
savent;O
Ny;B-PER
hanté;O
devenu;O
dailleurs;O
plaintes;O
apporté;I-PER
trames;O
désenchantait;O
ardent;O
Dadorables;B-PER
oublis;O
consolée;O
éclairaient;O
abandon;O
caresses;O
Menacée;B-LOC
précipitait;O
nouvrent;O
avouer;O
Léducation;B-MISC
donnée;O
mœurs;O
étroites;O
survivaient;O
laimant;O
adolescent;O
instruite;O
dinquiétude;O
aille;O
quittait;O
Jacques;B-PER
fatiguez;O
semaines;O
écriviez;O
allions;O
Vosges;I-LOC
louez;O
ninterrompra;O
miennes;O
sémut;I-PER
jen;O
Ta;B-ORG
aperçu;I-MISC
minquiète;O
essaye;O
distraire;O
pourrons;I-MISC
raconté;O
dite;O
crue;O
désolation;O
subit;O
adroit;O
demande;O
Va;B-PER
article;O
destinait;O
Revue;B-MISC
Philosophique;I-MISC
lappeler;O
ouvrir;O
Viens;B-PER
rends;O
entraîner;O
vase;O
rappelles;O
lanniversaire;O
vingt-deux;O
sourit;O
déchaînât;O
boules-de-neige;B-LOC
tirer;O
remercie;I-MISC
pleura;O
baigné;O
lintimidaient;O
effrayé;O
résista;O
abaissa;O
laissèrent;O
découvert;O
nessayant;O
dessuyer;O
dévastée;O
caché;O
labîmait;O
usée;O
Quil;B-PER
humblement;O
tint;O
anxieux;O
eues;O
reins;O
rappela;O
vieillie;O
rencontrée;I-MISC
marguerites;O
désirée;O
pleuré;O
amoureusement;O
connaissaient;O
cœurs;O
dépassent;O
revus;O
dabsence;O
écoliers;O
rapportent;O
habité;O
révéler;O
ignorent;O
Même;B-MISC
épousée;O
retrouvait;O
trente;O
apercevrait;O
démesurée;O
promets;O
données;O
défendait;O
fané;O
lembrasser;O
affligé;O
patient;O
lélève;O
étourdi;O
tourmente;I-MISC
accusé;O
mentait;O
aimes;O
tennuyons;O
inonda;O
exténué;O
apparut;O
veilles;O
creusé;O
larrêta;I-MISC
expliqué;O
soignait;O
tues;O
bouder;O
Appelle;B-PER
guérissait;O
parlassent;O
inquiétés;O
photographies;O
Dun;O
avidement;O
sapprocher;O
sinstaller;O
resterait;O
élu;O
député;O
embarqué;O
expédition;O
marocaines;O
querellée;O
flâner;O
trempé;O
darrosage;O
ras;I-MISC
dînaient;I-MISC
quais;O
silencieuses;I-MISC
serins;I-MISC
salade;B-PER
couchant;O
métal;O
embué;O
vergers;O
bêche;O
pomme;O
trouée;O
larrosoir;O
nerveuse;O
Latin;B-MISC
saccoudaient;O
amusés;O
goûtent;O
croisée;O
lointaine;O
rumeur;O
coulant;O
avenues;O
manifestaient;O
professeurs;O
réverbère;O
reconnut;O
extasiées;O
soyez;O
appuya;O
puissante;O
accrochait;O
accident;O
portion;O
mouillée;O
Août;B-MISC
Anglais;B-LOC
excursion;O
libres;O
abominable;O
seriez;O
devrais;O
rendu;O
méprisable;O
J;B-MISC
mappelle;O
Jattends;B-PER
dises;O
nait;O
mas;O
técrirai;O
demandez;O
dise;O
attachait;O
lisibles;O
écorchés;O
simpatienta;I-MISC
préoccupé;O
jagissais;O
fâche;O
sefforcer;O
contraindre;O
Notre;B-MISC
nerveuses;O
dangoisse;O
envers;O
scrupuleux;O
ignoble;I-MISC
avions;O
dites;O
absurdes;O
répondrez;B-LOC
tourmentée;O
excellent;O
soulagée;O
dégager;O
énergiques;O
Partez;B-PER
répéta;O
plia;O
rouvrant;O
terreur;O
sévaporait;O
chancelait;O
porta;O
tombante;O
endormie;O
oubliez;O
dormez;O
nouvrant;O
caressant;O
méritées;O
mienne;O
résignations;O
finales;O
moites;O
adhérentes;O
dactivité;O
ordre;O
enveloppait;O
limportunité;O
renaissait;O
contraires;O
tendait;O
Soudain;B-PER
étude;O
crime;O
pénalité;O
séclairait;O
dapparente;O
passionnant;O
mamuser;O
lirritation;O
semblerait;O
nadmettait;O
partît;O
conformant;O
résolu;O
contrarier;I-MISC
désagréable;O
grandissaient;O
inutiles;O
détour;O
mhabiller;O
tristesses;O
tintante;O
tremblement;O
vitrage;O
engouffrée;O
haletante;O
aérée;O
trains;O
accourus;O
projetés;O
groupes;O
voyageurs;O
disjoints;O
fièvres;O
hâtes;O
enchaînements;I-MISC
montantes;O
précipite;O
terres;O
mers;O
partaient;O
déroulant;O
empreints;O
Oubli;B-ORG
collégien;I-MISC
valise;I-MISC
gaze;O
papillons;O
bouscula;O
rêvant;O
mécrirez;O
boudant;O
continuez;O
pourrai;O
partirez;O
étouffe;O
attend;O
jurez;O
devrait;O
poignée;O
sébranla;O
Calme;B-PER
sifflet;O
suffoquant;O
étouffant;O
lamoureuse;O
retournées;O
paume;O
suivirent;O
amollissait;O
images;O
aima;O
ardentes;O
poire;O
savoureuse;O
restée;O
tourmentante;O
passés;O
Tyrol;B-LOC
dagrestes;O
cyclamen;O
adolescence;O
vendu;O
reverrait;O
souvint;O
septembre;O
guêpes;O
gourdes;O
mourant;O
verger;O
dahlias;O
roues;O
couverts;O
colombier;O
cèdres;O
lAtlas;B-LOC
renards;O
vols;O
dinsectes;O
sélevaient;O
dorée;O
basse-cour;O
écuelles;O
renversées;O
rochers;O
artificiels;O
grimpait;O
paon;O
désespéré;O
approches;O
mordu;O
devenaient;O
cadavres;O
fades;O
pâlissants;O
sucé;O
ronds;O
muguet;O
angoissées;O
baissers;O
suaves;O
lespace;O
champs;I-MISC
appels;O
lattiraient;O
pleines;O
notations;O
marines;O
suppliait;O
malsain;O
agissant;O
honnête;O
mollement;O
conduisait;O
masses;O
vallonnaient;O
chaume;I-MISC
lisses;I-MISC
senivrait;O
sattarda;O
lenvia;O
mélancoliquement;O
dhabiter;O
récitant;O
nuancé;B-PER
Mes;B-MISC
lorganisme;O
séparaient;O
pur;O
dortoirs;O
religieuses;O
vœu;O
ferment;O
coutumière;O
courrier;O
grisonnait;O
Parmi;O
lenveloppe;B-PER
lécriture;B-PER
elliptique;O
résumée;O
volé;O
lut;O
coins;O
énigmatiques;O
comparait;O
continuent;O
demeurantes;O
saveurs;O
voluptés;O
mesurait;O
adoucissait;O
criantes;O
ségouttant;O
enclin;O
manier;O
précipiter;O
écarter;O
apte;O
épuisements;O
guérir;O
accablées;O
dennuis;O
supportables;O
sautes;O
sérieusement;O
abattements;O
rêveries;O
dépaysées;O
irradiants;O
garderai;O
lempêchera;O
dagir;O
île;O
lisole;O
appartient;O
écoute;O
roman;O
feuilletant;O
Confessions;B-MISC
dHoudetot;B-MISC
resterai;I-MISC
détache;O
viendra;O
oubli;O
amère;O
défense;O
retirera;O
dira;O
réflexions;O
nattristaient;O
dépassé;O
lobservation;O
esprits;O
actifs;O
sattardent;O
bienfaisante;O
mièvre;O
servitude;O
indulgence;O
libéré;O
excusée;O
agissement;O
Nietzsche;B-PER
dhuile;O
Autour;B-MISC
remettaient;O
abnégation;O
soin;O
traitement;O
concernait;O
redoutaient;O
lattachement;O
sadonnait;O
rassuraient;O
penchant;O
éclaircissait;O
linclination;O
visites;O
reprenaient;O
répugnait;O
mécanisme;O
détriment;O
stricte;O
nécessités;O
inquiétée;O
sollicitude;O
conjugale;O
affections;O
silluminaient;O
contradictoirement;O
menthe;O
sombrement;O
soumise;O
baume;O
enivré;O
véhémence;O
recul;O
sécheresse;O
provoquaient;O
Moins;O
priver;O
vivrai;O
restera;I-MISC
lis;O
jécris;O
savantes;O
plantés;O
sétudier;O
lavance;O
fermeté;O
assurait;O
dissipait;O
apprenait;O
réussi;O
souple;O
gagner;O
légèrement;O
lordinaire;O
feutre;O
allègrement;O
claires;O
gazons;O
rouler;O
fendues;O
dacajou;O
doiseau;O
isolé;O
houx;I-LOC
parc;O
bruni;B-PER
massifs;O
effeuillées;O
penchées;O
lémouvant;O
végétale;O
approchait;O
Passant;B-LOC
respira;O
poires;O
réséda;O
verveine;O
acidulée;O
grille;O
grossièrement;O
pavé;O
poiriers;O
pommiers;O
penchaient;O
entraînées;O
avortés;O
donze;I-MISC
briller;O
terrains;O
simplifiés;O
apparence;O
espacée;O
touffue;O
colline;O
hameaux;O
partis;O
pèlerinage;O
circulaire;O
sommet;O
artériel;O
dAlbert;B-PER
Dürer;I-PER
trouvèrent;O
agité;O
bouda;O
remarquée;O
sanglotait;O
acquis;I-MISC
lautorité;I-MISC
anéantie;O
dépossédée;O
torrent;O
essaya;O
décidé;O
nulle;I-MISC
penchés;I-MISC
mécoutez;O
maîtres;O
partirai;O
deviendrai;O
maviez;I-MISC
errante;O
parmi;O
savais;I-MISC
engourdis;O
habite;O
chacune;O
portez;O
branche;O
orientale;O
commencez;O
inquiéter;O
agiter;O
secoue;O
anthémis;O
tenais;O
accueilliez;O
colchiques;O
éclaté;O
fécondité;I-MISC
ordonnées;O
salades;O
artichauts;O
découpés;O
vert-de-gris;B-LOC
verdures;O
lasperge;O
volantes;O
citrouilles;O
énormes;O
tige;O
chute;O
laccident;O
bordures;O
poussait;O
feuille;O
pareille;O
soucoupe;O
parfaite;O
satisfaisante;O
pourront;O
sétend;O
boîte;O
meût;O
serrement;O
Jaurais;B-MISC
sac;O
clinquantes;O
sassoupir;O
douate;O
samortit;O
Rentrée;B-LOC
sommairement;O
préparée;O
déshabillait;O
couchait;O
goûtant;O
réchauffait;O
déshabituée;O
draps;O
oreiller;O
reposée;O
boules;O
étranglé;O
scrupuleuse;O
paresseux;O
Paresseux;B-MISC
flâneur;O
surchargé;O
encombré;O
forêt;O
rousse;O
décrivait;O
chrysanthème;O
emmêlé;O
rebroussé;O
extasiée;O
hâtée;O
lancée;O
aiguille;O
ennui;O
harassement;O
infidèle;O
barrait;O
soupçonneux;O
indulgent;O
traite;O
dà;O
repent;O
tentatrice;O
collés;O
vivifiantes;O
fréquentes;O
averses;O
tombé;O
sensuel;O
faits;O
brûlures;O
jura;O
retourner;O
Hermione;B-PER
sein;O
Pyrrhus;B-PER
livide;O
carnage;O
lenvahissait;O
voyager;O
glaçait;O
atténuait;O
ménageant;O
prier;O
dégoût;I-MISC
attendrissant;O
dois;O
plaques;O
lumineuses;O
laccablement;O
Docteur;B-PER
Dabord;B-PER
asseyez;O
guérissiez;O
supplie;O
nuque;O
conseilla;O
nourriture;O
lassura;I-MISC
lobservateur;O
lamoureux;O
bouts;O
ségoutter;O
Agrigente;B-LOC
Corinthe;B-LOC
dominical;O
dazur;O
baignait;O
préoccupation;O
trompé;O
allant;O
Quaurais;B-LOC
stérile;O
raisons;O
console;O
guérissent;O
envisagement;O
guérit;O
ouvrier;O
bien-aimé;O
nattends;O
état;O
rendue;O
protégé;O
morbide;O
remués;O
balayant;O
répugnance;O
passager;O
étalé;O
primé;O
lidéal;O
balayer;O
rouages;O
remettait;O
quautrefois;O
soupirer;O
vieilli;I-MISC
glorieuse;O
doccuper;O
lempêchais;O
mélange;O
Se;O
Clichy;B-LOC
chauffée;O
édredon;O
remédier;O
lasphyxie;B-LOC
aimablement;O
attendue;O
obligée;O
préparer;O
ressortir;O
morose;O
trouvez;I-MISC
Jacquin;B-PER
respiré;I-MISC
Pauvre;O
usés;O
pratiques;O
tiroir;O
fourneau;O
déposé;O
flâna;O
auraient;O
lentretien;O
dâme;O
défaillait;O
laffreuse;O
indisposition;O
tremblé;O
appelle;O
assoupit;O
irrite;O
senfermait;O
savourer;O
dégustation;O
immédiatement;O
femelle;O
suffisantes;O
ressembleront;O
auront;O
dAntinoüs;B-MISC
léternité;O
meurs;O
labandonnèrent;O
Nancy;B-LOC
sauvé;O
envoya;O
télégramme;I-MISC
avale;O
gosier;O
abêti;I-MISC
malchance;O
pousser;O
Dormir;B-PER
séduisit;O
plaisantaient;O
gaies;O
correspondaient;O
sexpliquer;O
épuisant;O
linspiration;O
crevé;O
cabaret;O
artiste;I-MISC
lâches;O
saoules;O
veules;O
vice;O
languide;I-MISC
élastique;I-MISC
moite;O
peaux;O
lits;O
couteau;O
écouté;O
mord;O
pauvresses;O
écoutaient;O
égalité;O
bravement;O
risques;O
musiques;O
disais;O
thym;O
brûlure;O
sétendait;O
horizons;O
immense;O
foules;O
continuer;O
résolution;O
rainures;O
dissipèrent;I-MISC
lanéantissement;O
calmait;O
réveillant;O
comprimait;O
inchassable;O
Puisquelle;B-LOC
sépare;O
naperçoit;O
diminuant;O
retourné;O
sauver;O
supportée;O
pharmacie;O
poisons;I-MISC
étiquettes;O
noms;O
morphine;O
rhumatisme;O
intéressant;O
Morphine;B-MISC
souffrances;O
affreuses;O
piqûre;O
lourdeur;I-MISC
incomparable;I-MISC
refusé;O
mélodieusement;O
pavot;O
laiguille;O
Dix;B-MISC
centigrammes;O
dose;O
emplit;O
reposa;O
lenfoncer;O
rassuré;O
enveloppes;O
prépara;O
chargerait;O
parvenir;O
brulant;O
" 
 
 ";O
naurais;O
ferais;O
onze;O
sonnera;O
tuerai;O
souffrirai;O
enquise;O
méticulosité;O
dassurance;O
jendure;O
débordé;O
diriez;O
saffaiblit;O
diminue;O
préjuger;O
expérience;O
détrompe;O
maux;O
arrivés;O
lincident;O
mexalter;O
exténuante;O
mauvaises;O
chances;O
ivrognes;O
aggravent;O
altérée;O
goûté;O
tuant;O
vivais;O
inconcevables;O
extases;O
maimiez;O
deviez;O
malheureuses;O
peuvent;O
mapprochant;O
anéantissement;O
prendriez;O
deuxième;O
conduisant;O
tendant;O
disiez;O
jetterais;O
humiliée;O
fatiguerais;O
vieillirais;O
connaîtrais;O
torture;O
mêtre;O
épargnée;O
offrir;O
apportais;O
détendus;O
installé;O
lindifférent;O
sourient;O
rient;O
nimagine;O
puissent;O
sasseyent;O
soccupent;O
dirigent;O
navrante;O
règlent;O
vaines;O
Enfant;O
daspects;O
changeaient;O
amolli;O
mattendris;I-MISC
patiemment;O
mavait;O
pliantes;O
serrés;O
nœuds;O
Dites;O
confiante;O
sortais;O
jallais;O
absorber;O
comprenez;I-MISC
qua;O
vivras;O
seras;O
auras;O
teintés;O
globe;O
néclairer;O
finissant;O
jessayais;O
tayant;O
quitté;O
my;O
appliquais;O
réveillée;O
doubles;O
battements;O
fusses;O
docile;O
mettais;O
mettra;O
ferme;I-MISC
retrouve;O
sonne;O
